#BioGRID Interaction ID	Entrez Gene Interactor A	Entrez Gene Interactor B	BioGRID ID Interactor A	BioGRID ID Interactor B	Systematic Name Interactor A	Systematic Name Interactor B	Official Symbol Interactor A	Official Symbol Interactor B	Synonyms Interactor A	Synonyms Interactor B	Experimental System	Experimental System Type	Author	Pubmed ID	Organism Interactor A	Organism Interactor B	Throughput	Score	Modification	Phenotypes	Qualifications	Tags	Source Database
96158	853071	854026	33414	34278	YGR162W	YOL139C	TIF4631	CDC33	eiF4G1|L000002309	TIF45|translation initiation factor eIF4E|eIF4E|L000000270	Affinity Capture-MS	physical	Krogan NJ (2004)	14759368	559292	559292	High Throughput	-	-	-	-	-	BIOGRID
96983	854026	851509	34278	32008	YOL139C	YDL051W	CDC33	LHP1	TIF45|translation initiation factor eIF4E|eIF4E|L000000270	LAH1|YLA1|L000002518	Affinity Capture-MS	physical	Gavin AC (2002)	11805826	559292	559292	High Throughput	-	-	-	-	-	BIOGRID
96984	854026	855459	34278	35577	YOL139C	YNL262W	CDC33	POL2	TIF45|translation initiation factor eIF4E|eIF4E|L000000270	DUN2|DNA polymerase epsilon catalytic subunit|L000001461	Affinity Capture-MS	physical	Gavin AC (2002)	11805826	559292	559292	High Throughput	-	-	-	-	-	BIOGRID
96985	854026	851086	34278	31631	YOL139C	YLR371W	CDC33	ROM2	TIF45|translation initiation factor eIF4E|eIF4E|L000000270	Rho family guanine nucleotide exchange factor ROM2|L000003182	Affinity Capture-MS	physical	Gavin AC (2002)	11805826	559292	559292	High Throughput	-	-	-	-	-	BIOGRID
96986	854026	856351	34278	36388	YOL139C	YHL034C	CDC33	SBP1	TIF45|translation initiation factor eIF4E|eIF4E|L000000270	SSB1|SSBR1|L000002628|L000002076	Affinity Capture-MS	physical	Gavin AC (2002)	11805826	559292	559292	High Throughput	-	-	-	-	-	BIOGRID
96987	854026	855155	34278	35302	YOL139C	YMR125W	CDC33	STO1	TIF45|translation initiation factor eIF4E|eIF4E|L000000270	CBC1|CBP80|GCR3|SUT1|L000002131	Affinity Capture-MS	physical	Gavin AC (2002)	11805826	559292	559292	High Throughput	-	-	-	-	-	BIOGRID
96988	854026	853071	34278	33414	YOL139C	YGR162W	CDC33	TIF4631	TIF45|translation initiation factor eIF4E|eIF4E|L000000270	eiF4G1|L000002309	Affinity Capture-MS	physical	Gavin AC (2002)	11805826	559292	559292	High Throughput	-	-	-	-	-	BIOGRID
96989	853071	854026	33414	34278	YGR162W	YOL139C	TIF4631	CDC33	eiF4G1|L000002309	TIF45|translation initiation factor eIF4E|eIF4E|L000000270	Affinity Capture-MS	physical	Gavin AC (2002)	11805826	559292	559292	High Throughput	-	-	-	-	-	BIOGRID
96990	854026	852833	34278	33199	YOL139C	YGL049C	CDC33	TIF4632	TIF45|translation initiation factor eIF4E|eIF4E|L000000270	eIF4G2|L000002310	Affinity Capture-MS	physical	Gavin AC (2002)	11805826	559292	559292	High Throughput	-	-	-	-	-	BIOGRID
96991	854026	852282	34278	32698	YOL139C	YBL004W	CDC33	UTP20	TIF45|translation initiation factor eIF4E|eIF4E|L000000270	-	Affinity Capture-MS	physical	Gavin AC (2002)	11805826	559292	559292	High Throughput	-	-	-	-	-	BIOGRID
97761	855575	854026	35681	34278	YNL147W	YOL139C	LSM7	CDC33	Sm-like protein LSM7|L000004686	TIF45|translation initiation factor eIF4E|eIF4E|L000000270	Affinity Capture-MS	physical	Gavin AC (2002)	11805826	559292	559292	High Throughput	-	-	-	-	-	BIOGRID
97779	851471	854026	31973	34278	YDL087C	YOL139C	LUC7	CDC33	EPE1|EXM2|L000003348	TIF45|translation initiation factor eIF4E|eIF4E|L000000270	Affinity Capture-MS	physical	Gavin AC (2002)	11805826	559292	559292	High Throughput	-	-	-	-	-	BIOGRID
99856	852248	854026	32665	34278	YBL032W	YOL139C	HEK2	CDC33	KHD1	TIF45|translation initiation factor eIF4E|eIF4E|L000000270	Affinity Capture-MS	physical	Gavin AC (2002)	11805826	559292	559292	High Throughput	-	-	-	-	-	BIOGRID
100345	854450	854026	34665	34278	YOR276W	YOL139C	CAF20	CDC33	CAF2|CAP20|p20|L000000208|L000003291	TIF45|translation initiation factor eIF4E|eIF4E|L000000270	Affinity Capture-MS	physical	Ho Y (2002)	11805837	559292	559292	High Throughput	-	-	-	-	-	BIOGRID
100389	852614	854026	33002	34278	YGL237C	YOL139C	HAP2	CDC33	L000000752	TIF45|translation initiation factor eIF4E|eIF4E|L000000270	Affinity Capture-MS	physical	Ho Y (2002)	11805837	559292	559292	High Throughput	-	-	-	-	-	BIOGRID
100452	851536	854026	32030	34278	YDL025C	YOL139C	RTK1	CDC33	putative serine/threonine protein kinase RTK1	TIF45|translation initiation factor eIF4E|eIF4E|L000000270	Affinity Capture-MS	physical	Ho Y (2002)	11805837	559292	559292	High Throughput	-	-	-	-	-	BIOGRID
100896	855130	854026	35279	34278	YMR104C	YOL139C	YPK2	CDC33	YKR2|putative protein kinase YPK2|L000002542	TIF45|translation initiation factor eIF4E|eIF4E|L000000270	Affinity Capture-MS	physical	Ho Y (2002)	11805837	559292	559292	High Throughput	-	-	-	-	-	BIOGRID
101480	855081	854026	35234	34278	YMR059W	YOL139C	SEN15	CDC33	L000003972	TIF45|translation initiation factor eIF4E|eIF4E|L000000270	Affinity Capture-MS	physical	Ho Y (2002)	11805837	559292	559292	High Throughput	-	-	-	-	-	BIOGRID
101736	851147	854026	31687	34278	YLR427W	YOL139C	MAG2	CDC33	-	TIF45|translation initiation factor eIF4E|eIF4E|L000000270	Affinity Capture-MS	physical	Ho Y (2002)	11805837	559292	559292	High Throughput	-	-	-	-	-	BIOGRID
101891	853347	854026	33659	34278	YJL098W	YOL139C	SAP185	CDC33	L000003246	TIF45|translation initiation factor eIF4E|eIF4E|L000000270	Affinity Capture-MS	physical	Ho Y (2002)	11805837	559292	559292	High Throughput	-	-	-	-	-	BIOGRID
102065	854026	853631	34278	33919	YOL139C	YKL204W	CDC33	EAP1	TIF45|translation initiation factor eIF4E|eIF4E|L000000270	-	Affinity Capture-MS	physical	Ho Y (2002)	11805837	559292	559292	High Throughput	-	-	-	-	-	BIOGRID
102066	854026	855288	34278	35425	YOL139C	YMR246W	CDC33	FAA4	TIF45|translation initiation factor eIF4E|eIF4E|L000000270	long-chain fatty acid-CoA ligase FAA4|L000002647	Affinity Capture-MS	physical	Ho Y (2002)	11805837	559292	559292	High Throughput	-	-	-	-	-	BIOGRID
102067	854026	856824	34278	36835	YOL139C	YER090W	CDC33	TRP2	TIF45|translation initiation factor eIF4E|eIF4E|L000000270	anthranilate synthase TRP2|L000002353	Affinity Capture-MS	physical	Ho Y (2002)	11805837	559292	559292	High Throughput	-	-	-	-	-	BIOGRID
102068	854026	852763	34278	33136	YOL139C	YGL115W	CDC33	SNF4	TIF45|translation initiation factor eIF4E|eIF4E|L000000270	CAT3|SCI1|AMP-activated serine/threonine-protein kinase regulatory subunit SNF4|L000001947	Affinity Capture-MS	physical	Ho Y (2002)	11805837	559292	559292	High Throughput	-	-	-	-	-	BIOGRID
102069	854026	851800	34278	32268	YOL139C	YDR214W	CDC33	AHA1	TIF45|translation initiation factor eIF4E|eIF4E|L000000270	-	Affinity Capture-MS	physical	Ho Y (2002)	11805837	559292	559292	High Throughput	-	-	-	-	-	BIOGRID
102186	851457	854026	31961	34278	YDL101C	YOL139C	DUN1	CDC33	serine/threonine protein kinase DUN1|L000000531	TIF45|translation initiation factor eIF4E|eIF4E|L000000270	Affinity Capture-MS	physical	Ho Y (2002)	11805837	559292	559292	High Throughput	-	-	-	-	-	BIOGRID
102552	854938	854026	35102	34278	YML064C	YOL139C	TEM1	CDC33	Ras family GTPase TEM1|L000002282	TIF45|translation initiation factor eIF4E|eIF4E|L000000270	Affinity Capture-MS	physical	Ho Y (2002)	11805837	559292	559292	High Throughput	-	-	-	-	-	BIOGRID
102606	851969	854026	32422	34278	YDR365C	YOL139C	ESF1	CDC33	-	TIF45|translation initiation factor eIF4E|eIF4E|L000000270	Affinity Capture-MS	physical	Ho Y (2002)	11805837	559292	559292	High Throughput	-	-	-	-	-	BIOGRID
102659	853463	854026	33763	34278	YJR007W	YOL139C	SUI2	CDC33	translation initiation factor eIF2 subunit alpha|L000002178	TIF45|translation initiation factor eIF4E|eIF4E|L000000270	Affinity Capture-MS	physical	Ho Y (2002)	11805837	559292	559292	High Throughput	-	-	-	-	-	BIOGRID
102835	853452	854026	33752	34278	YJL005W	YOL139C	CYR1	CDC33	CDC35|FIL1|HSR1|SRA4|TSM0185|adenylate cyclase|L000000467	TIF45|translation initiation factor eIF4E|eIF4E|L000000270	Affinity Capture-MS	physical	Ho Y (2002)	11805837	559292	559292	High Throughput	-	-	-	-	-	BIOGRID
102909	851994	854026	32447	34278	YDR386W	YOL139C	MUS81	CDC33	SLX3|L000004650	TIF45|translation initiation factor eIF4E|eIF4E|L000000270	Affinity Capture-MS	physical	Ho Y (2002)	11805837	559292	559292	High Throughput	-	-	-	-	-	BIOGRID
103035	851313	854026	31832	34278	YDL213C	YOL139C	NOP6	CDC33	-	TIF45|translation initiation factor eIF4E|eIF4E|L000000270	Affinity Capture-MS	physical	Ho Y (2002)	11805837	559292	559292	High Throughput	-	-	-	-	-	BIOGRID
103076	851706	854026	32184	34278	YDR128W	YOL139C	MTC5	CDC33	SEA3	TIF45|translation initiation factor eIF4E|eIF4E|L000000270	Affinity Capture-MS	physical	Ho Y (2002)	11805837	559292	559292	High Throughput	-	-	-	-	-	BIOGRID
103086	853492	854026	33788	34278	YJR035W	YOL139C	RAD26	CDC33	DNA-dependent ATPase RAD26|L000001569	TIF45|translation initiation factor eIF4E|eIF4E|L000000270	Affinity Capture-MS	physical	Ho Y (2002)	11805837	559292	559292	High Throughput	-	-	-	-	-	BIOGRID
103110	851996	854026	32449	34278	YDR388W	YOL139C	RVS167	CDC33	amphiphysin|L000001789	TIF45|translation initiation factor eIF4E|eIF4E|L000000270	Affinity Capture-MS	physical	Ho Y (2002)	11805837	559292	559292	High Throughput	-	-	-	-	-	BIOGRID
103444	855631	854026	35731	34278	YNL093W	YOL139C	YPT53	CDC33	Rab family GTPase YPT53|L000002547	TIF45|translation initiation factor eIF4E|eIF4E|L000000270	Affinity Capture-MS	physical	Ho Y (2002)	11805837	559292	559292	High Throughput	-	-	-	-	-	BIOGRID
103718	853303	854026	33619	34278	YJL138C	YOL139C	TIF2	CDC33	translation initiation factor eIF4A|eIF4A|L000002303	TIF45|translation initiation factor eIF4E|eIF4E|L000000270	Affinity Capture-MS	physical	Ho Y (2002)	11805837	559292	559292	High Throughput	-	-	-	-	-	BIOGRID
103742	855744	854026	35835	34278	YNR010W	YOL139C	CSE2	CDC33	MED9|L000000426	TIF45|translation initiation factor eIF4E|eIF4E|L000000270	Affinity Capture-MS	physical	Ho Y (2002)	11805837	559292	559292	High Throughput	-	-	-	-	-	BIOGRID
113298	854450	854026	34665	34278	YOR276W	YOL139C	CAF20	CDC33	CAF2|CAP20|p20|L000000208|L000003291	TIF45|translation initiation factor eIF4E|eIF4E|L000000270	Two-hybrid	physical	Uetz P (2000)	10688190	559292	559292	High Throughput	-	-	-	-	-	BIOGRID
113299	854026	854450	34278	34665	YOL139C	YOR276W	CDC33	CAF20	TIF45|translation initiation factor eIF4E|eIF4E|L000000270	CAF2|CAP20|p20|L000000208|L000003291	Two-hybrid	physical	Uetz P (2000)	10688190	559292	559292	High Throughput	-	-	-	-	-	BIOGRID
149264	853071	854026	33414	34278	YGR162W	YOL139C	TIF4631	CDC33	eiF4G1|L000002309	TIF45|translation initiation factor eIF4E|eIF4E|L000000270	Affinity Capture-Western	physical	Dominguez D (1999)	10480875	559292	559292	Low Throughput	-	-	-	-	-	BIOGRID
149312	854450	854026	34665	34278	YOR276W	YOL139C	CAF20	CDC33	CAF2|CAP20|p20|L000000208|L000003291	TIF45|translation initiation factor eIF4E|eIF4E|L000000270	Reconstituted Complex	physical	Ptushkina M (1998)	9707439	559292	559292	Low Throughput	-	-	-	-	-	BIOGRID
149313	853071	854026	33414	34278	YGR162W	YOL139C	TIF4631	CDC33	eiF4G1|L000002309	TIF45|translation initiation factor eIF4E|eIF4E|L000000270	Affinity Capture-Western	physical	Ptushkina M (1998)	9707439	559292	559292	Low Throughput	-	-	-	-	-	BIOGRID
149314	853071	854026	33414	34278	YGR162W	YOL139C	TIF4631	CDC33	eiF4G1|L000002309	TIF45|translation initiation factor eIF4E|eIF4E|L000000270	Reconstituted Complex	physical	Ptushkina M (1998)	9707439	559292	559292	Low Throughput	-	-	-	-	-	BIOGRID
149372	853071	854026	33414	34278	YGR162W	YOL139C	TIF4631	CDC33	eiF4G1|L000002309	TIF45|translation initiation factor eIF4E|eIF4E|L000000270	Far Western	physical	Tarun SZ (1997)	9372919	559292	559292	Low Throughput	-	-	-	-	-	BIOGRID
149373	853071	854026	33414	34278	YGR162W	YOL139C	TIF4631	CDC33	eiF4G1|L000002309	TIF45|translation initiation factor eIF4E|eIF4E|L000000270	Reconstituted Complex	physical	Tarun SZ (1997)	9372919	559292	559292	Low Throughput	-	-	-	-	-	BIOGRID
149374	853071	854026	33414	34278	YGR162W	YOL139C	TIF4631	CDC33	eiF4G1|L000002309	TIF45|translation initiation factor eIF4E|eIF4E|L000000270	Affinity Capture-Western	physical	Tarun SZ (1997)	9372919	559292	559292	Low Throughput	-	-	-	-	-	BIOGRID
149449	854026	853071	34278	33414	YOL139C	YGR162W	CDC33	TIF4631	TIF45|translation initiation factor eIF4E|eIF4E|L000000270	eiF4G1|L000002309	Affinity Capture-Western	physical	Goyer C (1993)	8336723	559292	559292	Low Throughput	-	-	-	-	-	BIOGRID
154195	853427	854026	33733	34278	YJL026W	YOL139C	RNR2	CDC33	CRT6|ribonucleotide-diphosphate reductase subunit RNR2|L000001656	TIF45|translation initiation factor eIF4E|eIF4E|L000000270	Dosage Rescue	genetic	Abid MR (1999)	10585489	559292	559292	Low Throughput	-	-	viability:partial rescue	-	-	BIOGRID
157793	854026	852702	34278	33080	YOL139C	YGL173C	CDC33	XRN1	TIF45|translation initiation factor eIF4E|eIF4E|L000000270	DST2|KEM1|RAR5|SEP1|SKI1|chromatin-binding exonuclease XRN1|L000000891|L000001902	Synthetic Lethality	genetic	Brown JT (2000)	10790382	559292	559292	Low Throughput	-	-	inviable	-	-	BIOGRID
157794	852702	854026	33080	34278	YGL173C	YOL139C	XRN1	CDC33	DST2|KEM1|RAR5|SEP1|SKI1|chromatin-binding exonuclease XRN1|L000000891|L000001902	TIF45|translation initiation factor eIF4E|eIF4E|L000000270	Synthetic Lethality	genetic	Brown JT (2000)	10790382	559292	559292	Low Throughput	-	-	inviable	-	-	BIOGRID
157795	854026	853427	34278	33733	YOL139C	YJL026W	CDC33	RNR2	TIF45|translation initiation factor eIF4E|eIF4E|L000000270	CRT6|ribonucleotide-diphosphate reductase subunit RNR2|L000001656	Synthetic Lethality	genetic	Abid MR (1999)	10585489	559292	559292	Low Throughput	-	-	inviable	-	-	BIOGRID
159357	854026	855819	34278	35907	YOL139C	YPL256C	CDC33	CLN2	TIF45|translation initiation factor eIF4E|eIF4E|L000000270	cyclin CLN2|L000000358	Synthetic Rescue	genetic	Anthony C (2001)	11479284	559292	559292	Low Throughput	-	-	pheromone sensitivity:wild type|viability:wild type	-	-	BIOGRID
159362	854026	851191	34278	31725	YOL139C	YAL040C	CDC33	CLN3	TIF45|translation initiation factor eIF4E|eIF4E|L000000270	DAF1|FUN10|WHI1|cyclin CLN3|L000000359	Synthetic Rescue	genetic	Anthony C (2001)	11479284	559292	559292	Low Throughput	-	-	pheromone sensitivity:wild type|viability:wild type	-	-	BIOGRID
160720	854026	854379	34278	34599	YOL139C	YOR204W	CDC33	DED1	TIF45|translation initiation factor eIF4E|eIF4E|L000000270	SPP81|DEAD-box ATP-dependent RNA helicase DED1|L000000500	Dosage Rescue	genetic	Neff CL (1999)	10409745	559292	559292	Low Throughput	-	-	heat sensitivity:wild type	cdc33-1	-	BIOGRID
161677	853071	854026	33414	34278	YGR162W	YOL139C	TIF4631	CDC33	eiF4G1|L000002309	TIF45|translation initiation factor eIF4E|eIF4E|L000000270	Synthetic Lethality	genetic	de la Cruz J (1997)	9144215	559292	559292	Low Throughput	-	-	inviable	-	-	BIOGRID
161678	856292	854026	36336	34278	YPR163C	YOL139C	TIF3	CDC33	RBL3|STM1|eIF4B|L000002304	TIF45|translation initiation factor eIF4E|eIF4E|L000000270	Synthetic Growth Defect	genetic	de la Cruz J (1997)	9144215	559292	559292	Low Throughput	-	-	vegetative growth	-	-	BIOGRID
161679	853071	854026	33414	34278	YGR162W	YOL139C	TIF4631	CDC33	eiF4G1|L000002309	TIF45|translation initiation factor eIF4E|eIF4E|L000000270	Synthetic Growth Defect	genetic	de la Cruz J (1997)	9144215	559292	559292	Low Throughput	-	-	vegetative growth	-	-	BIOGRID
161682	854026	854379	34278	34599	YOL139C	YOR204W	CDC33	DED1	TIF45|translation initiation factor eIF4E|eIF4E|L000000270	SPP81|DEAD-box ATP-dependent RNA helicase DED1|L000000500	Dosage Rescue	genetic	de la Cruz J (1997)	9144215	559292	559292	Low Throughput	-	-	heat sensitivity:partial rescue|vegetative growth:partial rescue	overexpression rescues the temperature sensitivity of a cdc33-42 mutation	-	BIOGRID
161683	854026	855984	34278	36062	YOL139C	YPL119C	CDC33	DBP1	TIF45|translation initiation factor eIF4E|eIF4E|L000000270	LPH8|putative DEAD-box ATP-dependent RNA helicase DBP1|L000000492	Dosage Rescue	genetic	de la Cruz J (1997)	9144215	559292	559292	Low Throughput	-	-	heat sensitivity:partial rescue|vegetative growth:partial rescue	overexpression rescues the temperature sensitivity of a cdc33-42 mutation	-	BIOGRID
162376	851394	854026	31903	34278	YDL160C	YOL139C	DHH1	CDC33	DExD/H-box ATP-dependent RNA helicase DHH1|L000000504	TIF45|translation initiation factor eIF4E|eIF4E|L000000270	Synthetic Growth Defect	genetic	Coller JM (2001)	11780629	559292	559292	Low Throughput	-	-	vegetative growth	-	-	BIOGRID
162498	856912	854026	36918	34278	YER165W	YOL139C	PAB1	CDC33	polyadenylate-binding protein|L000001327	TIF45|translation initiation factor eIF4E|eIF4E|L000000270	Synthetic Lethality	genetic	Tarun SZ (1997)	9256432	559292	559292	Low Throughput	-	-	inviable	-	-	BIOGRID
162926	852833	854026	33199	34278	YGL049C	YOL139C	TIF4632	CDC33	eIF4G2|L000002310	TIF45|translation initiation factor eIF4E|eIF4E|L000000270	Dosage Rescue	genetic	Neff CL (1999)	10409745	559292	559292	Low Throughput	-	-	heat sensitivity:wild type	-	-	BIOGRID
163600	854026	854379	34278	34599	YOL139C	YOR204W	CDC33	DED1	TIF45|translation initiation factor eIF4E|eIF4E|L000000270	SPP81|DEAD-box ATP-dependent RNA helicase DED1|L000000500	Synthetic Lethality	genetic	Chuang RY (1997)	9045610	559292	559292	Low Throughput	-	-	inviable	-	-	BIOGRID
163605	853933	854026	34190	34278	YKR059W	YOL139C	TIF1	CDC33	translation initiation factor eIF4A|eIF4A|L000002302	TIF45|translation initiation factor eIF4E|eIF4E|L000000270	Synthetic Lethality	genetic	de la Cruz J (1997)	9144215	559292	559292	Low Throughput	-	-	inviable	-	-	BIOGRID
163608	853071	854026	33414	34278	YGR162W	YOL139C	TIF4631	CDC33	eiF4G1|L000002309	TIF45|translation initiation factor eIF4E|eIF4E|L000000270	Synthetic Lethality	genetic	Hershey PE (1999)	10409688	559292	559292	Low Throughput	-	-	inviable	-	-	BIOGRID
163609	853071	854026	33414	34278	YGR162W	YOL139C	TIF4631	CDC33	eiF4G1|L000002309	TIF45|translation initiation factor eIF4E|eIF4E|L000000270	Synthetic Lethality	genetic	Tarun SZ (1997)	9256432	559292	559292	Low Throughput	-	-	inviable	-	-	BIOGRID
164494	852945	854026	33299	34278	YGR054W	YOL139C	YGR054W	CDC33	-	TIF45|translation initiation factor eIF4E|eIF4E|L000000270	Synthetic Growth Defect	genetic	Komar AA (2005)	15718232	559292	559292	Low Throughput	-	-	vegetative growth	-	-	BIOGRID
181469	851618	854026	32103	34278	YDR049W	YOL139C	VMS1	CDC33	-	TIF45|translation initiation factor eIF4E|eIF4E|L000000270	Affinity Capture-MS	physical	Krogan NJ (2006)	16554755	559292	559292	High Throughput	-	-	-	-	-	BIOGRID
182048	852127	854026	32566	34278	YDR515W	YOL139C	SLF1	CDC33	SRO99|L000004191|L000002894	TIF45|translation initiation factor eIF4E|eIF4E|L000000270	Affinity Capture-MS	physical	Krogan NJ (2006)	16554755	559292	559292	High Throughput	-	-	-	-	-	BIOGRID
182643	852833	854026	33199	34278	YGL049C	YOL139C	TIF4632	CDC33	eIF4G2|L000002310	TIF45|translation initiation factor eIF4E|eIF4E|L000000270	Affinity Capture-MS	physical	Krogan NJ (2006)	16554755	559292	559292	High Throughput	-	-	-	-	-	BIOGRID
182734	852772	854026	33144	34278	YGL106W	YOL139C	MLC1	CDC33	L000004170	TIF45|translation initiation factor eIF4E|eIF4E|L000000270	Affinity Capture-MS	physical	Krogan NJ (2006)	16554755	559292	559292	High Throughput	-	-	-	-	-	BIOGRID
183121	853071	854026	33414	34278	YGR162W	YOL139C	TIF4631	CDC33	eiF4G1|L000002309	TIF45|translation initiation factor eIF4E|eIF4E|L000000270	Affinity Capture-MS	physical	Krogan NJ (2006)	16554755	559292	559292	High Throughput	-	-	-	-	-	BIOGRID
184258	853631	854026	33919	34278	YKL204W	YOL139C	EAP1	CDC33	-	TIF45|translation initiation factor eIF4E|eIF4E|L000000270	Affinity Capture-MS	physical	Krogan NJ (2006)	16554755	559292	559292	High Throughput	-	-	-	-	-	BIOGRID
184839	854991	854026	35152	34278	YML017W	YOL139C	PSP2	CDC33	MRS15|L000002882	TIF45|translation initiation factor eIF4E|eIF4E|L000000270	Affinity Capture-MS	physical	Krogan NJ (2006)	16554755	559292	559292	High Throughput	-	-	-	-	-	BIOGRID
186009	854450	854026	34665	34278	YOR276W	YOL139C	CAF20	CDC33	CAF2|CAP20|p20|L000000208|L000003291	TIF45|translation initiation factor eIF4E|eIF4E|L000000270	Affinity Capture-MS	physical	Krogan NJ (2006)	16554755	559292	559292	High Throughput	-	-	-	-	-	BIOGRID
186434	856301	854026	36344	34278	YPR171W	YOL139C	BSP1	CDC33	-	TIF45|translation initiation factor eIF4E|eIF4E|L000000270	Affinity Capture-MS	physical	Krogan NJ (2006)	16554755	559292	559292	High Throughput	-	-	-	-	-	BIOGRID
186792	852702	854026	33080	34278	YGL173C	YOL139C	XRN1	CDC33	DST2|KEM1|RAR5|SEP1|SKI1|chromatin-binding exonuclease XRN1|L000000891|L000001902	TIF45|translation initiation factor eIF4E|eIF4E|L000000270	Affinity Capture-MS	physical	Krogan NJ (2006)	16554755	559292	559292	High Throughput	-	-	-	-	-	BIOGRID
187242	854026	851548	34278	32040	YOL139C	YDL014W	CDC33	NOP1	TIF45|translation initiation factor eIF4E|eIF4E|L000000270	LOT3|rRNA methyltransferase NOP1|L000001260	Affinity Capture-MS	physical	Krogan NJ (2006)	16554755	559292	559292	High Throughput	-	-	-	-	-	BIOGRID
187243	854026	853933	34278	34190	YOL139C	YKR059W	CDC33	TIF1	TIF45|translation initiation factor eIF4E|eIF4E|L000000270	translation initiation factor eIF4A|eIF4A|L000002302	Affinity Capture-MS	physical	Krogan NJ (2006)	16554755	559292	559292	High Throughput	-	-	-	-	-	BIOGRID
187917	852833	854026	33199	34278	YGL049C	YOL139C	TIF4632	CDC33	eIF4G2|L000002310	TIF45|translation initiation factor eIF4E|eIF4E|L000000270	Affinity Capture-MS	physical	Gavin AC (2006)	16429126	559292	559292	High Throughput	-	-	-	-	-	BIOGRID
187928	854026	856912	34278	36918	YOL139C	YER165W	CDC33	PAB1	TIF45|translation initiation factor eIF4E|eIF4E|L000000270	polyadenylate-binding protein|L000001327	Affinity Capture-MS	physical	Gavin AC (2006)	16429126	559292	559292	High Throughput	-	-	-	-	-	BIOGRID
187929	854026	852833	34278	33199	YOL139C	YGL049C	CDC33	TIF4632	TIF45|translation initiation factor eIF4E|eIF4E|L000000270	eIF4G2|L000002310	Affinity Capture-MS	physical	Gavin AC (2006)	16429126	559292	559292	High Throughput	-	-	-	-	-	BIOGRID
190572	854948	854026	35111	34278	YML056C	YOL139C	IMD4	CDC33	IMP dehydrogenase IMD4	TIF45|translation initiation factor eIF4E|eIF4E|L000000270	Affinity Capture-MS	physical	Gavin AC (2006)	16429126	559292	559292	High Throughput	-	-	-	-	-	BIOGRID
190578	854026	854948	34278	35111	YOL139C	YML056C	CDC33	IMD4	TIF45|translation initiation factor eIF4E|eIF4E|L000000270	IMP dehydrogenase IMD4	Affinity Capture-MS	physical	Gavin AC (2006)	16429126	559292	559292	High Throughput	-	-	-	-	-	BIOGRID
190579	854026	852206	34278	32629	YOL139C	YBL072C	CDC33	RPS8A	TIF45|translation initiation factor eIF4E|eIF4E|L000000270	ribosomal 40S subunit protein S8A|S8e|rp19|YS9|S8A|S14A|L000001752|L000001753	Affinity Capture-MS	physical	Gavin AC (2006)	16429126	559292	559292	High Throughput	-	-	-	-	-	BIOGRID
190942	853071	854026	33414	34278	YGR162W	YOL139C	TIF4631	CDC33	eiF4G1|L000002309	TIF45|translation initiation factor eIF4E|eIF4E|L000000270	Affinity Capture-MS	physical	Gavin AC (2006)	16429126	559292	559292	High Throughput	-	-	-	-	-	BIOGRID
190952	856351	854026	36388	34278	YHL034C	YOL139C	SBP1	CDC33	SSB1|SSBR1|L000002628|L000002076	TIF45|translation initiation factor eIF4E|eIF4E|L000000270	Affinity Capture-MS	physical	Gavin AC (2006)	16429126	559292	559292	High Throughput	-	-	-	-	-	BIOGRID
190964	854026	850346	34278	30970	YOL139C	YCL011C	CDC33	GBP2	TIF45|translation initiation factor eIF4E|eIF4E|L000000270	RLF6|L000002609|L000003049	Affinity Capture-MS	physical	Gavin AC (2006)	16429126	559292	559292	High Throughput	-	-	-	-	-	BIOGRID
190965	854026	852702	34278	33080	YOL139C	YGL173C	CDC33	XRN1	TIF45|translation initiation factor eIF4E|eIF4E|L000000270	DST2|KEM1|RAR5|SEP1|SKI1|chromatin-binding exonuclease XRN1|L000000891|L000001902	Affinity Capture-MS	physical	Gavin AC (2006)	16429126	559292	559292	High Throughput	-	-	-	-	-	BIOGRID
190966	854026	851509	34278	32008	YOL139C	YDL051W	CDC33	LHP1	TIF45|translation initiation factor eIF4E|eIF4E|L000000270	LAH1|YLA1|L000002518	Affinity Capture-MS	physical	Gavin AC (2006)	16429126	559292	559292	High Throughput	-	-	-	-	-	BIOGRID
190967	854026	855459	34278	35577	YOL139C	YNL262W	CDC33	POL2	TIF45|translation initiation factor eIF4E|eIF4E|L000000270	DUN2|DNA polymerase epsilon catalytic subunit|L000001461	Affinity Capture-MS	physical	Gavin AC (2006)	16429126	559292	559292	High Throughput	-	-	-	-	-	BIOGRID
190968	854026	856351	34278	36388	YOL139C	YHL034C	CDC33	SBP1	TIF45|translation initiation factor eIF4E|eIF4E|L000000270	SSB1|SSBR1|L000002628|L000002076	Affinity Capture-MS	physical	Gavin AC (2006)	16429126	559292	559292	High Throughput	-	-	-	-	-	BIOGRID
190969	854026	855155	34278	35302	YOL139C	YMR125W	CDC33	STO1	TIF45|translation initiation factor eIF4E|eIF4E|L000000270	CBC1|CBP80|GCR3|SUT1|L000002131	Affinity Capture-MS	physical	Gavin AC (2006)	16429126	559292	559292	High Throughput	-	-	-	-	-	BIOGRID
190970	854026	853071	34278	33414	YOL139C	YGR162W	CDC33	TIF4631	TIF45|translation initiation factor eIF4E|eIF4E|L000000270	eiF4G1|L000002309	Affinity Capture-MS	physical	Gavin AC (2006)	16429126	559292	559292	High Throughput	-	-	-	-	-	BIOGRID
191804	852248	854026	32665	34278	YBL032W	YOL139C	HEK2	CDC33	KHD1	TIF45|translation initiation factor eIF4E|eIF4E|L000000270	Affinity Capture-MS	physical	Gavin AC (2006)	16429126	559292	559292	High Throughput	-	-	-	-	-	BIOGRID
191819	851152	854026	31691	34278	YLR432W	YOL139C	IMD3	CDC33	IMP dehydrogenase IMD3	TIF45|translation initiation factor eIF4E|eIF4E|L000000270	Affinity Capture-MS	physical	Gavin AC (2006)	16429126	559292	559292	High Throughput	-	-	-	-	-	BIOGRID
191834	854026	853610	34278	33901	YOL139C	YJR145C	CDC33	RPS4A	TIF45|translation initiation factor eIF4E|eIF4E|L000000270	ribosomal 40S subunit protein S4A|S4e|rp5|YS6|S7A|S4A|L000001751	Affinity Capture-MS	physical	Gavin AC (2006)	16429126	559292	559292	High Throughput	-	-	-	-	-	BIOGRID
191835	854026	852487	34278	32887	YOL139C	YBR189W	CDC33	RPS9B	TIF45|translation initiation factor eIF4E|eIF4E|L000000270	RPS13A|SUP46|ribosomal 40S subunit protein S9B|rp21|YS11|S9B|S4|S13|L000002207|S000029306|L000001135	Affinity Capture-MS	physical	Gavin AC (2006)	16429126	559292	559292	High Throughput	-	-	-	-	-	BIOGRID
192226	851471	854026	31973	34278	YDL087C	YOL139C	LUC7	CDC33	EPE1|EXM2|L000003348	TIF45|translation initiation factor eIF4E|eIF4E|L000000270	Affinity Capture-MS	physical	Gavin AC (2006)	16429126	559292	559292	High Throughput	-	-	-	-	-	BIOGRID
192227	856751	854026	36764	34278	YER029C	YOL139C	SMB1	CDC33	Sm B|SmB|L000004361	TIF45|translation initiation factor eIF4E|eIF4E|L000000270	Affinity Capture-MS	physical	Gavin AC (2006)	16429126	559292	559292	High Throughput	-	-	-	-	-	BIOGRID
193100	854026	855283	34278	35421	YOL139C	YMR242C	CDC33	RPL20A	TIF45|translation initiation factor eIF4E|eIF4E|L000000270	RPL18A2|ribosomal 60S subunit protein L20A|L20e|L20A|L18A|L000004458|L000003149	Affinity Capture-MS	physical	Gavin AC (2006)	16429126	559292	559292	High Throughput	-	-	-	-	-	BIOGRID
193101	854026	855269	34278	35407	YOL139C	YMR229C	CDC33	RRP5	TIF45|translation initiation factor eIF4E|eIF4E|L000000270	L000003232	Affinity Capture-MS	physical	Gavin AC (2006)	16429126	559292	559292	High Throughput	-	-	-	-	-	BIOGRID
193102	854026	851082	34278	31627	YOL139C	YLR367W	CDC33	RPS22B	TIF45|translation initiation factor eIF4E|eIF4E|L000000270	ribosomal 40S subunit protein S22B|S8|rp50|YS22|S24B|S22B|L000003030	Affinity Capture-MS	physical	Gavin AC (2006)	16429126	559292	559292	High Throughput	-	-	-	-	-	BIOGRID
196473	851787	854026	32256	34278	YDR206W	YOL139C	EBS1	CDC33	L000004629	TIF45|translation initiation factor eIF4E|eIF4E|L000000270	Affinity Capture-Western	physical	Ford AS (2006)	16467471	559292	559292	Low Throughput	-	-	-	-	-	BIOGRID
196720	852984	854026	33335	34278	YGR092W	YOL139C	DBF2	CDC33	serine/threonine-protein kinase DBF2|L000000487	TIF45|translation initiation factor eIF4E|eIF4E|L000000270	Affinity Capture-MS	physical	Graumann J (2004)	14660704	559292	559292	High Throughput	-	-	-	-	-	BIOGRID
196797	851209	854026	31742	34278	YAL024C	YOL139C	LTE1	CDC33	MSI2|mitotic regulator LTE1|L000000955	TIF45|translation initiation factor eIF4E|eIF4E|L000000270	Affinity Capture-MS	physical	Graumann J (2004)	14660704	559292	559292	High Throughput	-	-	-	-	-	BIOGRID
196900	850594	854026	31191	34278	YFR034C	YOL139C	PHO4	CDC33	phosphate-sensing transcription factor PHO4|phoD|L000001420	TIF45|translation initiation factor eIF4E|eIF4E|L000000270	Affinity Capture-MS	physical	Graumann J (2004)	14660704	559292	559292	High Throughput	-	-	-	-	-	BIOGRID
198489	853760	854026	34032	34278	YKL101W	YOL139C	HSL1	CDC33	ELM2|NIK1|protein kinase HSL1|L000003129|L000002839	TIF45|translation initiation factor eIF4E|eIF4E|L000000270	Biochemical Activity	physical	Ptacek J (2005)	16319894	559292	559292	High Throughput	-	Phosphorylation	-	32P incorporation on protein chip	-	BIOGRID
200581	856382	854026	36419	34278	YHL007C	YOL139C	STE20	CDC33	mitogen-activated protein kinase kinase kinase kinase STE20|L000002123	TIF45|translation initiation factor eIF4E|eIF4E|L000000270	Biochemical Activity	physical	Ptacek J (2005)	16319894	559292	559292	High Throughput	-	Phosphorylation	-	32P incorporation on protein chip	-	BIOGRID
201530	855568	854026	35675	34278	YNL154C	YOL139C	YCK2	CDC33	serine/threonine protein kinase YCK2|L000002501	TIF45|translation initiation factor eIF4E|eIF4E|L000000270	Biochemical Activity	physical	Ptacek J (2005)	16319894	559292	559292	High Throughput	-	Phosphorylation	-	32P incorporation on protein chip	-	BIOGRID
201862	855962	854026	36041	34278	YPL141C	YOL139C	FRK1	CDC33	protein kinase FRK1	TIF45|translation initiation factor eIF4E|eIF4E|L000000270	Biochemical Activity	physical	Ptacek J (2005)	16319894	559292	559292	High Throughput	-	Phosphorylation	-	32P incorporation on protein chip	-	BIOGRID
201917	852077	854026	32520	34278	YDR466W	YOL139C	PKH3	CDC33	protein kinase PKH3	TIF45|translation initiation factor eIF4E|eIF4E|L000000270	Biochemical Activity	physical	Ptacek J (2005)	16319894	559292	559292	High Throughput	-	Phosphorylation	-	32P incorporation on protein chip	-	BIOGRID
239103	854026	855788	34278	35877	YOL139C	YNR052C	CDC33	POP2	TIF45|translation initiation factor eIF4E|eIF4E|L000000270	CAF1|CCR4-NOT core DEDD family RNase subunit POP2|L000001465	Dosage Rescue	genetic	Ohn T (2007)	17439972	559292	559292	Low Throughput	-	-	resistance to chemicals:wild type	-	-	BIOGRID
264678	855155	854026	35302	34278	YMR125W	YOL139C	STO1	CDC33	CBC1|CBP80|GCR3|SUT1|L000002131	TIF45|translation initiation factor eIF4E|eIF4E|L000000270	Affinity Capture-MS	physical	Oeffinger M (2007)	17922018	559292	559292	High Throughput	-	-	-	-	-	BIOGRID
320008	854450	854026	34665	34278	YOR276W	YOL139C	CAF20	CDC33	CAF2|CAP20|p20|L000000208|L000003291	TIF45|translation initiation factor eIF4E|eIF4E|L000000270	Two-hybrid	physical	Yu H (2008)	18719252	559292	559292	High Throughput	-	-	-	-	-	BIOGRID
347610	852755	854026	33129	34278	YGL122C	YOL139C	NAB2	CDC33	mRNA-binding protein NAB2|L000001227	TIF45|translation initiation factor eIF4E|eIF4E|L000000270	Affinity Capture-RNA	physical	Batisse J (2009)	19840948	559292	559292	High Throughput	-	-	-	High Throughput: The experiment involved high-throughput sequencing of the RNAs that co-precipitated with TAP-tagged Nab2 (Nab2-TAP).	-	BIOGRID
349834	852470	854026	32872	34278	YBR172C	YOL139C	SMY2	CDC33	L000001941	TIF45|translation initiation factor eIF4E|eIF4E|L000000270	Affinity Capture-Western	physical	Sezen B (2009)	19571182	559292	559292	Low Throughput	-	-	-	-	-	BIOGRID
349847	853631	854026	33919	34278	YKL204W	YOL139C	EAP1	CDC33	-	TIF45|translation initiation factor eIF4E|eIF4E|L000000270	Affinity Capture-Western	physical	Sezen B (2009)	19571182	559292	559292	Low Throughput	-	-	-	-	-	BIOGRID
351795	856677	854026	36695	34278	YEL034W	YOL139C	HYP2	CDC33	TIF51A|translation elongation factor eIF-5A|eIF-5A|eIF5A|L000000847|L000002307	TIF45|translation initiation factor eIF4E|eIF4E|L000000270	Synthetic Growth Defect	genetic	Gregio AP (2009)	19338753	559292	559292	Low Throughput	-	-	vegetative growth|viability	-	-	BIOGRID
427580	851159	854026	31697	34278	YLR438C-A	YOL139C	LSM3	CDC33	SMX4|USS2|L000004507	TIF45|translation initiation factor eIF4E|eIF4E|L000000270	Affinity Capture-Western	physical	Sobti M (2010)	20108977	559292	559292	Low Throughput	-	-	-	-	-	BIOGRID
427584	852255	854026	32672	34278	YBL026W	YOL139C	LSM2	CDC33	SMX5|SNP3|Sm-like protein LSM2|L000003168	TIF45|translation initiation factor eIF4E|eIF4E|L000000270	Affinity Capture-Western	physical	Sobti M (2010)	20108977	559292	559292	Low Throughput	-	-	-	-	-	BIOGRID
427599	856848	854026	36857	34278	YER112W	YOL139C	LSM4	CDC33	SDB23|USS1|L000002447	TIF45|translation initiation factor eIF4E|eIF4E|L000000270	Affinity Capture-Western	physical	Sobti M (2010)	20108977	559292	559292	Low Throughput	-	-	-	-	-	BIOGRID
427609	853318	854026	33632	34278	YJL124C	YOL139C	LSM1	CDC33	SPB8|L000004427	TIF45|translation initiation factor eIF4E|eIF4E|L000000270	Affinity Capture-Western	physical	Sobti M (2010)	20108977	559292	559292	Low Throughput	-	-	-	-	-	BIOGRID
435122	1466445	854026	36987	34278	YBR111W-A	YOL139C	SUS1	CDC33	-	TIF45|translation initiation factor eIF4E|eIF4E|L000000270	Affinity Capture-MS	physical	Cuenca-Bono B (2010)	20230609	559292	559292	High Throughput	-	-	-	-	-	BIOGRID
439298	855561	854026	35668	34278	YNL161W	YOL139C	CBK1	CDC33	serine/threonine protein kinase CBK1|L000004609	TIF45|translation initiation factor eIF4E|eIF4E|L000000270	Affinity Capture-MS	physical	Breitkreutz A (2010)	20489023	559292	559292	High Throughput	1.0	-	-	-	-	BIOGRID
442221	852833	854026	33199	34278	YGL049C	YOL139C	TIF4632	CDC33	eIF4G2|L000002310	TIF45|translation initiation factor eIF4E|eIF4E|L000000270	Dosage Rescue	genetic	Watanabe R (2010)	20463023	559292	559292	Low Throughput	-	-	heat sensitivity:wild type	-	-	BIOGRID
442223	852833	854026	33199	34278	YGL049C	YOL139C	TIF4632	CDC33	eIF4G2|L000002310	TIF45|translation initiation factor eIF4E|eIF4E|L000000270	Phenotypic Suppression	genetic	Watanabe R (2010)	20463023	559292	559292	Low Throughput	-	-	RNA accumulation:partial rescue	overexpression partially alleviates the aberrant transcription seen in a EIF4G single mutant	-	BIOGRID
446901	855787	854026	35876	34278	YNR051C	YOL139C	BRE5	CDC33	-	TIF45|translation initiation factor eIF4E|eIF4E|L000000270	Affinity Capture-MS	physical	Ossareh-Nazari B (2010)	20508643	559292	559292	High Throughput	-	-	-	protein A-tagged Bre5	-	BIOGRID
447282	856895	854026	36901	34278	YER151C	YOL139C	UBP3	CDC33	BLM3|mRNA-binding ubiquitin-specific protease UBP3|L000002417|S000086717	TIF45|translation initiation factor eIF4E|eIF4E|L000000270	Affinity Capture-MS	physical	Ossareh-Nazari B (2010)	20508643	559292	559292	High Throughput	-	-	-	protein A-tagged Ubp3	-	BIOGRID
486851	854827	854026	35002	34278	YIR010W	YOL139C	DSN1	CDC33	MIND complex subunit DSN1|L000004645	TIF45|translation initiation factor eIF4E|eIF4E|L000000270	Affinity Capture-MS	physical	Akiyoshi B (2010)	21107429	559292	559292	High Throughput	-	-	-	-	-	BIOGRID
506428	853071	854026	33414	34278	YGR162W	YOL139C	TIF4631	CDC33	eiF4G1|L000002309	TIF45|translation initiation factor eIF4E|eIF4E|L000000270	Affinity Capture-Western	physical	Park EH (2011)	21139564	559292	559292	Low Throughput	-	-	-	-	-	BIOGRID
506965	855466	854026	35584	34278	YNL255C	YOL139C	GIS2	CDC33	L000004862	TIF45|translation initiation factor eIF4E|eIF4E|L000000270	Affinity Capture-MS	physical	Sammons MA (2011)	21277287	559292	559292	High Throughput	-	-	-	-	-	BIOGRID
511360	854032	854026	34283	34278	YOL117W	YOL139C	RRI2	CDC33	CSN10|S000007579	TIF45|translation initiation factor eIF4E|eIF4E|L000000270	Affinity Capture-MS	physical	Yu Z (2011)	21289098	559292	559292	Low Throughput	-	-	-	-	-	BIOGRID
517985	852493	854026	32891	34278	YBR194W	YOL139C	AIM4	CDC33	SOY1	TIF45|translation initiation factor eIF4E|eIF4E|L000000270	Affinity Capture-MS	physical	Ren L (2011)	21386897	559292	559292	High Throughput	-	-	-	-	-	BIOGRID
518030	856275	854026	36319	34278	YPR152C	YOL139C	URN1	CDC33	-	TIF45|translation initiation factor eIF4E|eIF4E|L000000270	Affinity Capture-MS	physical	Ren L (2011)	21386897	559292	559292	High Throughput	-	-	-	-	-	BIOGRID
531988	854026	854778	34278	34957	YOL139C	YIL033C	CDC33	BCY1	TIF45|translation initiation factor eIF4E|eIF4E|L000000270	SRA1|cAMP-dependent protein kinase regulatory subunit BCY1|L000002044	Phenotypic Suppression	genetic	Brenner C (1988)	3062383	559292	559292	Low Throughput	-	-	cell cycle progression:wild type	Bcy1 suppresses the G1 arrest of a cdc33 mutant	-	BIOGRID
546550	852497	854026	32895	34278	YBR198C	YOL139C	TAF5	CDC33	TAF90|TafII90|L000004155	TIF45|translation initiation factor eIF4E|eIF4E|L000000270	Affinity Capture-MS	physical	Lee KK (2011)	21734642	559292	559292	High Throughput	-	-	-	prey identified by MudPIT	-	BIOGRID
554438	852416	854026	32821	34278	YBR119W	YOL139C	MUD1	CDC33	U1A|U1-A|L000001217	TIF45|translation initiation factor eIF4E|eIF4E|L000000270	Affinity Capture-MS	physical	Schwer B (2011)	21558325	559292	559292	High Throughput	-	-	-	-	-	BIOGRID
554491	856486	854026	36521	34278	YHR086W	YOL139C	NAM8	CDC33	MRE2|MUD15|L000001147|L000001230	TIF45|translation initiation factor eIF4E|eIF4E|L000000270	Affinity Capture-MS	physical	Schwer B (2011)	21558325	559292	559292	High Throughput	-	-	-	-	-	BIOGRID
554845	855925	854026	36005	34278	YPL178W	YOL139C	CBC2	CDC33	CBP20|MUD13|SAE1|L000002891|L000004111	TIF45|translation initiation factor eIF4E|eIF4E|L000000270	Affinity Capture-MS	physical	Schwer B (2011)	21558325	559292	559292	High Throughput	-	-	-	-	-	BIOGRID
556708	854543	854026	34746	34278	YOR361C	YOL139C	PRT1	CDC33	CDC63|DNA26|L000001515	TIF45|translation initiation factor eIF4E|eIF4E|L000000270	Affinity Capture-Western	physical	Castelli LM (2011)	21795399	559292	559292	Low Throughput	-	-	-	-	-	BIOGRID
563677	850549	854026	31147	34278	YFL002C	YOL139C	SPB4	CDC33	L000001991	TIF45|translation initiation factor eIF4E|eIF4E|L000000270	Affinity Capture-MS	physical	Garcia-Gomez JJ (2011)	21825077	559292	559292	High Throughput	-	-	-	factors associated with dominant negative Spb4(R360A)-TAP	-	BIOGRID
567264	850585	854026	31182	34278	YFR028C	YOL139C	CDC14	CDC33	OAF3|phosphoprotein phosphatase CDC14|L000000254	TIF45|translation initiation factor eIF4E|eIF4E|L000000270	Dosage Rescue	genetic	Magtanong L (2011)	21572441	559292	559292	High Throughput	-	-	temperature sensitive growth	-	-	BIOGRID
575000	855155	854026	35302	34278	YMR125W	YOL139C	STO1	CDC33	CBC1|CBP80|GCR3|SUT1|L000002131	TIF45|translation initiation factor eIF4E|eIF4E|L000000270	Synthetic Growth Defect	genetic	Garre E (2011)	22072789	559292	559292	Low Throughput	-	-	vegetative growth	at 25 degrees, cdc33-42 temperature-sensitive allele	-	BIOGRID
575001	855155	854026	35302	34278	YMR125W	YOL139C	STO1	CDC33	CBC1|CBP80|GCR3|SUT1|L000002131	TIF45|translation initiation factor eIF4E|eIF4E|L000000270	Synthetic Lethality	genetic	Garre E (2011)	22072789	559292	559292	Low Throughput	-	-	inviable	on 0.8M NaCl, at 25 degrees, cdc33-42 temperature-sensitive allele	-	BIOGRID
590557	854026	854379	34278	34599	YOL139C	YOR204W	CDC33	DED1	TIF45|translation initiation factor eIF4E|eIF4E|L000000270	SPP81|DEAD-box ATP-dependent RNA helicase DED1|L000000500	Reconstituted Complex	physical	Hilliker A (2011)	21925384	559292	559292	Low Throughput	-	-	-	-	-	BIOGRID
614512	852881	854026	33242	34278	YGL003C	YOL139C	CDH1	CDC33	HCT1|L000004229	TIF45|translation initiation factor eIF4E|eIF4E|L000000270	Affinity Capture-MS	physical	Martinez JS (2012)	22189709	559292	559292	High Throughput	-	-	-	-	-	BIOGRID
615843	850807	854026	31388	34278	YLR116W	YOL139C	MSL5	CDC33	BBP|L000004109	TIF45|translation initiation factor eIF4E|eIF4E|L000000270	Affinity Capture-MS	physical	Chang J (2012)	22287628	559292	559292	Low Throughput	-	-	-	-	-	BIOGRID
633285	852294	854026	32710	34278	YBR009C	YOL139C	HHF1	CDC33	histone H4|L000000770	TIF45|translation initiation factor eIF4E|eIF4E|L000000270	Affinity Capture-MS	physical	Gilmore JM (2011)	22199229	559292	559292	High Throughput	-	-	-	hit proteins identified by MudPIT analysis	-	BIOGRID
633582	855701	854026	35797	34278	YNL030W	YOL139C	HHF2	CDC33	histone H4|L000000771	TIF45|translation initiation factor eIF4E|eIF4E|L000000270	Affinity Capture-MS	physical	Gilmore JM (2011)	22199229	559292	559292	High Throughput	-	-	-	hit proteins identified by MudPIT analysis	-	BIOGRID
633993	852295	854026	32711	34278	YBR010W	YOL139C	HHT1	CDC33	BUR5|SIN2|histone H3|L000000772	TIF45|translation initiation factor eIF4E|eIF4E|L000000270	Affinity Capture-MS	physical	Gilmore JM (2011)	22199229	559292	559292	High Throughput	-	-	-	hit proteins identified by MudPIT analysis	-	BIOGRID
634429	855700	854026	35796	34278	YNL031C	YOL139C	HHT2	CDC33	histone H3|L000000773	TIF45|translation initiation factor eIF4E|eIF4E|L000000270	Affinity Capture-MS	physical	Gilmore JM (2011)	22199229	559292	559292	High Throughput	-	-	-	hit proteins identified by MudPIT analysis	-	BIOGRID
635091	851399	854026	31907	34278	YDL156W	YOL139C	CMR1	CDC33	-	TIF45|translation initiation factor eIF4E|eIF4E|L000000270	Affinity Capture-MS	physical	Gilmore JM (2011)	22199229	559292	559292	High Throughput	-	-	-	hit proteins identified by MudPIT analysis	-	BIOGRID
635239	854026	856247	34278	36296	YOL139C	YPR129W	CDC33	SCD6	TIF45|translation initiation factor eIF4E|eIF4E|L000000270	LSM13|L000001806	Reconstituted Complex	physical	Rajyaguru P (2012)	22284680	559292	559292	Low Throughput	-	-	-	-	-	BIOGRID
638796	850320	854026	30946	34278	YCL037C	YOL139C	SRO9	CDC33	L000003106	TIF45|translation initiation factor eIF4E|eIF4E|L000000270	Affinity Capture-RNA	physical	Schenk L (2012)	22271760	559292	559292	High Throughput	1.36	-	-	RNA-binding protein immunopurification-microarray (RIP-chip) analysis, cut-off score: >0.6	-	BIOGRID
644976	854026	854450	34278	34665	YOL139C	YOR276W	CDC33	CAF20	TIF45|translation initiation factor eIF4E|eIF4E|L000000270	CAF2|CAP20|p20|L000000208|L000003291	Dosage Lethality	genetic	de la Cruz J (1997)	9144215	559292	559292	Low Throughput	-	-	inviable	-	-	BIOGRID
644977	854026	854379	34278	34599	YOL139C	YOR204W	CDC33	DED1	TIF45|translation initiation factor eIF4E|eIF4E|L000000270	SPP81|DEAD-box ATP-dependent RNA helicase DED1|L000000500	Synthetic Lethality	genetic	de la Cruz J (1997)	9144215	559292	559292	Low Throughput	-	-	inviable	-	-	BIOGRID
644982	856292	854026	36336	34278	YPR163C	YOL139C	TIF3	CDC33	RBL3|STM1|eIF4B|L000002304	TIF45|translation initiation factor eIF4E|eIF4E|L000000270	Synthetic Lethality	genetic	de la Cruz J (1997)	9144215	559292	559292	Low Throughput	-	-	inviable	-	-	BIOGRID
656237	853632	854026	33920	34278	YKL203C	YOL139C	TOR2	CDC33	DRR2|phosphatidylinositol kinase-related protein kinase TOR2|L000002323	TIF45|translation initiation factor eIF4E|eIF4E|L000000270	Biochemical Activity	physical	Liu Q (2012)	22496512	559292	559292	Low Throughput	-	Phosphorylation	-	-	-	BIOGRID
656238	853529	854026	33823	34278	YJR066W	YOL139C	TOR1	CDC33	DRR1|phosphatidylinositol kinase-related protein kinase TOR1|L000002322	TIF45|translation initiation factor eIF4E|eIF4E|L000000270	Biochemical Activity	physical	Yan G (2012)	22445487	559292	559292	Low Throughput	-	Phosphorylation	-	-	-	BIOGRID
656239	853632	854026	33920	34278	YKL203C	YOL139C	TOR2	CDC33	DRR2|phosphatidylinositol kinase-related protein kinase TOR2|L000002323	TIF45|translation initiation factor eIF4E|eIF4E|L000000270	Biochemical Activity	physical	Yan G (2012)	22445487	559292	559292	Low Throughput	-	Phosphorylation	-	-	-	BIOGRID
668106	856487	854026	36522	34278	YHR087W	YOL139C	RTC3	CDC33	HGI1	TIF45|translation initiation factor eIF4E|eIF4E|L000000270	Affinity Capture-MS	physical	Gomar-Alba M (2012)	22720784	559292	559292	Low Throughput	-	-	-	-	-	BIOGRID
668111	856487	854026	36522	34278	YHR087W	YOL139C	RTC3	CDC33	HGI1	TIF45|translation initiation factor eIF4E|eIF4E|L000000270	Synthetic Growth Defect	genetic	Gomar-Alba M (2012)	22720784	559292	559292	Low Throughput	-	-	vegetative growth	on hygromycin	-	BIOGRID
668587	856487	854026	36522	34278	YHR087W	YOL139C	RTC3	CDC33	HGI1	TIF45|translation initiation factor eIF4E|eIF4E|L000000270	Affinity Capture-Western	physical	Gomar-Alba M (2012)	22720784	559292	559292	Low Throughput	-	-	-	-	-	BIOGRID
691933	856912	854026	36918	34278	YER165W	YOL139C	PAB1	CDC33	polyadenylate-binding protein|L000001327	TIF45|translation initiation factor eIF4E|eIF4E|L000000270	Affinity Capture-Western	physical	Richardson R (2012)	22836166	559292	559292	Low Throughput	-	-	-	-	-	BIOGRID
726813	853631	854026	33919	34278	YKL204W	YOL139C	EAP1	CDC33	-	TIF45|translation initiation factor eIF4E|eIF4E|L000000270	Affinity Capture-Western	physical	Blewett NH (2012)	22890846	559292	559292	Low Throughput	-	-	-	-	-	BIOGRID
734198	854541	854026	34744	34278	YOR359W	YOL139C	VTS1	CDC33	-	TIF45|translation initiation factor eIF4E|eIF4E|L000000270	Affinity Capture-Western	physical	Rendl LM (2012)	23071728	559292	559292	Low Throughput	-	-	-	-	-	BIOGRID
795838	854026	853071	34278	33414	YOL139C	YGR162W	CDC33	TIF4631	TIF45|translation initiation factor eIF4E|eIF4E|L000000270	eiF4G1|L000002309	Two-hybrid	physical	Ross D (2012)	23226381	559292	559292	Low Throughput	-	-	-	-	-	BIOGRID
812783	850440	854026	31052	34278	YCR077C	YOL139C	PAT1	CDC33	MRT1|L000001183|L000003214	TIF45|translation initiation factor eIF4E|eIF4E|L000000270	Affinity Capture-RNA	physical	Mitchell SF (2012)	23222640	559292	559292	High Throughput	-	-	-	UV cross-linking followed by immunoprecipitation	-	BIOGRID
821956	853100	854026	33440	34278	YGR188C	YOL139C	BUB1	CDC33	protein kinase BUB1|L000000196	TIF45|translation initiation factor eIF4E|eIF4E|L000000270	Synthetic Lethality	genetic	van Pel DM (2013)	23390603	559292	559292	High Throughput	0.00789133	-	inviable	SGA analysis for synthetic lethal interactions between mutations whose human orthologs are found to be mutated in cancers, and the deletion mutant collection, where the interaction probability P < 0.05	-	BIOGRID
822207	851136	854026	31676	34278	YLR418C	YOL139C	CDC73	CDC33	L000002792	TIF45|translation initiation factor eIF4E|eIF4E|L000000270	Synthetic Lethality	genetic	van Pel DM (2013)	23390603	559292	559292	High Throughput	7.81e-05	-	inviable	SGA analysis for synthetic lethal interactions between mutations whose human orthologs are found to be mutated in cancers, and the deletion mutant collection, where the interaction probability P < 0.05	-	BIOGRID
825154	854780	854026	34958	34278	YIL031W	YOL139C	ULP2	CDC33	SMT4|L000001939	TIF45|translation initiation factor eIF4E|eIF4E|L000000270	PCA	physical	Sung MK (2013)	23403034	559292	559292	High Throughput	-	-	-	bimolecular fluorescence complementation (BiFC) assay; hit protein contains VC-tagged Smt3p; signal intensity of cells overexpressing bait protein is compared to that of control cells without overexpression to detect desumoylation substrates of bait protein	-	BIOGRID
839054	853834	854026	34099	34278	YKL033W	YOL139C	TTI1	CDC33	FMP47	TIF45|translation initiation factor eIF4E|eIF4E|L000000270	Negative Genetic	genetic	Stirling PC (2011)	21552543	559292	559292	High Throughput	-0.407688	-	colony size	interaction score < -0.3, p-value > 0.05; tti1-1 allele	-	BIOGRID
856470	852833	854026	33199	34278	YGL049C	YOL139C	TIF4632	CDC33	eIF4G2|L000002310	TIF45|translation initiation factor eIF4E|eIF4E|L000000270	Affinity Capture-Western	physical	Park EH (2013)	23184954	559292	559292	Low Throughput	-	-	-	-	-	BIOGRID
856474	853071	854026	33414	34278	YGR162W	YOL139C	TIF4631	CDC33	eiF4G1|L000002309	TIF45|translation initiation factor eIF4E|eIF4E|L000000270	Affinity Capture-Western	physical	Park EH (2013)	23184954	559292	559292	Low Throughput	-	-	-	-	-	BIOGRID
872869	856912	854026	36918	34278	YER165W	YOL139C	PAB1	CDC33	polyadenylate-binding protein|L000001327	TIF45|translation initiation factor eIF4E|eIF4E|L000000270	Synthetic Lethality	genetic	Zhang C (2013)	23793387	559292	559292	Low Throughput	-	-	heat sensitivity|inviable|utilization of carbon source	double mutants show lethality at 34 degrees under glycerol growth conditions	-	BIOGRID
907943	854026	854026	34278	34278	YOL139C	YOL139C	CDC33	CDC33	TIF45|translation initiation factor eIF4E|eIF4E|L000000270	TIF45|translation initiation factor eIF4E|eIF4E|L000000270	Co-fractionation	physical	O'Leary SE (2013)	24183571	559292	559292	Low Throughput	-	-	-	dimeric and tri-/multimeric protein	-	BIOGRID
947063	856912	854026	36918	34278	YER165W	YOL139C	PAB1	CDC33	polyadenylate-binding protein|L000001327	TIF45|translation initiation factor eIF4E|eIF4E|L000000270	Co-fractionation	physical	Zhang C (2014)	24838188	559292	559292	Low Throughput	-	-	-	figure 1. pulled down by FLAG-PAB1 and interactions detected by analytical ultracentrifugation with fluorescent detection system (AU-FDS).	-	BIOGRID
1027769	853315	854026	33629	34278	YJL127C	YOL139C	SPT10	CDC33	CRE1|SUD1|L000002035	TIF45|translation initiation factor eIF4E|eIF4E|L000000270	Affinity Capture-MS	physical	Kurat CF (2014)	25228766	559292	559292	High Throughput	-	-	-	Figure S1, Dataset S1	-	BIOGRID
1028093	855217	854026	35357	34278	YMR179W	YOL139C	SPT21	CDC33	L000002040	TIF45|translation initiation factor eIF4E|eIF4E|L000000270	Affinity Capture-MS	physical	Kurat CF (2014)	25228766	559292	559292	High Throughput	-	-	-	Figure S1, Dataset S1|SPT21 overexpression	-	BIOGRID
1061547	855512	854026	35627	34278	YNL209W	YOL139C	SSB2	CDC33	YG103|Hsp70 family ATPase SSB2|L000002715	TIF45|translation initiation factor eIF4E|eIF4E|L000000270	Co-purification	physical	Willmund F (2013)	23332755	559292	559292	High Throughput	-	-	-	isolation of cotranslationally bound SSB-RNC complexes allows us to identify the chaperone-bound nascent polypeptides through analysis of the mRNAs encoding the substrates	-	BIOGRID
1101672	7316	854026	113164	34278	-	YOL139C	UBC	CDC33	HMG20	TIF45|translation initiation factor eIF4E|eIF4E|L000000270	Affinity Capture-MS	physical	Phillips AH (2013)	23801757	9606	559292	High Throughput	-	-	-	#LPPI|Likely protein-protein interaction	-	BIOGRID
1113352	854450	854026	34665	34278	YOR276W	YOL139C	CAF20	CDC33	CAF2|CAP20|p20|L000000208|L000003291	TIF45|translation initiation factor eIF4E|eIF4E|L000000270	Affinity Capture-Western	physical	Castelli LM (2015)	25973932	559292	559292	Low Throughput	-	-	-	-	-	BIOGRID
1113353	853631	854026	33919	34278	YKL204W	YOL139C	EAP1	CDC33	-	TIF45|translation initiation factor eIF4E|eIF4E|L000000270	Affinity Capture-Western	physical	Castelli LM (2015)	25973932	559292	559292	Low Throughput	-	-	-	-	-	BIOGRID
1241720	854889	854026	35056	34278	YML085C	YOL139C	TUB1	CDC33	alpha-tubulin TUB1|L000002387	TIF45|translation initiation factor eIF4E|eIF4E|L000000270	Affinity Capture-Western	physical	Li X (2014)	24981173	559292	559292	Low Throughput	-	-	-	Figure 7	-	BIOGRID
1276790	852457	854026	32859	34278	YBR160W	YOL139C	CDC28	CDC33	CDK1|HSL5|SRM5|cyclin-dependent serine/threonine-protein kinase CDC28|L000000267	TIF45|translation initiation factor eIF4E|eIF4E|L000000270	Affinity Capture-MS	physical	Yahya G (2014)	24374311	559292	559292	High Throughput	-	-	-	Table S1	-	BIOGRID
1418380	851259	854026	31786	34278	YAL005C	YOL139C	SSA1	CDC33	YG100|Hsp70 family ATPase SSA1|L000002069	TIF45|translation initiation factor eIF4E|eIF4E|L000000270	Affinity Capture-MS	physical	Truman AW (2015)	26217697	559292	559292	High Throughput	-	-	-	-	-	BIOGRID
1418475	855836	854026	35923	34278	YPL240C	YOL139C	HSP82	CDC33	HSP90|Hsp90 family chaperone HSP82|L000000822	TIF45|translation initiation factor eIF4E|eIF4E|L000000270	Affinity Capture-MS	physical	Truman AW (2015)	26217697	559292	559292	High Throughput	-	-	-	-	-	BIOGRID
1518600	855459	854026	35577	34278	YNL262W	YOL139C	POL2	CDC33	DUN2|DNA polymerase epsilon catalytic subunit|L000001461	TIF45|translation initiation factor eIF4E|eIF4E|L000000270	Synthetic Growth Defect	genetic	Dubarry M (2015)	26297725	559292	559292	High Throughput	-	-	vegetative growth	Table S2|genome knock-out and DAmP collections used to create double mutants|pol2-12 allele|quantitative fitness analysis performed on double mutants constructed via SGA technique	-	BIOGRID
1534559	853503	854026	33797	34278	YJR045C	YOL139C	SSC1	CDC33	ENS1|Hsp70 family ATPase SSC1|mtHSP70|L000000561	TIF45|translation initiation factor eIF4E|eIF4E|L000000270	Affinity Capture-MS	physical	Boettinger L (2015)	25792736	559292	559292	High Throughput	-	-	-	-	-	BIOGRID
2198271	852068	854026	32511	34278	YDR457W	YOL139C	TOM1	CDC33	E3 ubiquitin-protein ligase TOM1|L000002983	TIF45|translation initiation factor eIF4E|eIF4E|L000000270	Affinity Capture-MS	physical	Sung MK (2016)	27552055	559292	559292	High Throughput	-	-	-	-	-	BIOGRID
2200294	854791	854026	34967	34278	YIL021W	YOL139C	RPB3	CDC33	DNA-directed RNA polymerase II core subunit RPB3|B44|L000001677|L000001589	TIF45|translation initiation factor eIF4E|eIF4E|L000000270	Affinity Capture-MS	physical	Harlen KM (2017)	28043953	559292	559292	High Throughput	-	-	-	3' PolII enriched factors	-	BIOGRID
2203089	851394	854026	31903	34278	YDL160C	YOL139C	DHH1	CDC33	DExD/H-box ATP-dependent RNA helicase DHH1|L000000504	TIF45|translation initiation factor eIF4E|eIF4E|L000000270	Affinity Capture-MS	physical	Cary GA (2015)	26392412	559292	559292	High Throughput	-	-	-	-	-	BIOGRID
2203672	854669	854026	34854	34278	YIL137C	YOL139C	TMA108	CDC33	TAE3|RBF108	TIF45|translation initiation factor eIF4E|eIF4E|L000000270	Affinity Capture-MS	physical	Delaveau T (2016)	27580715	559292	559292	High Throughput	-	-	-	-	-	BIOGRID
2203826	854673	854026	34858	34278	YIL133C	YOL139C	RPL16A	CDC33	RPL13|ribosomal 60S subunit protein L16A|L13|rp22|YL15|L21A|L16A|L000001709	TIF45|translation initiation factor eIF4E|eIF4E|L000000270	Affinity Capture-MS	physical	Delaveau T (2016)	27580715	559292	559292	High Throughput	-	-	-	-	-	BIOGRID
2204018	853365	854026	33676	34278	YJL080C	YOL139C	SCP160	CDC33	L000001817	TIF45|translation initiation factor eIF4E|eIF4E|L000000270	Affinity Capture-MS	physical	Delaveau T (2016)	27580715	559292	559292	High Throughput	-	-	-	-	-	BIOGRID
2204205	854258	854026	34489	34278	YOR091W	YOL139C	TMA46	CDC33	RBF46	TIF45|translation initiation factor eIF4E|eIF4E|L000000270	Affinity Capture-MS	physical	Delaveau T (2016)	27580715	559292	559292	High Throughput	-	-	-	-	-	BIOGRID
2347478	852127	854026	32566	34278	YDR515W	YOL139C	SLF1	CDC33	SRO99|L000004191|L000002894	TIF45|translation initiation factor eIF4E|eIF4E|L000000270	Affinity Capture-Western	physical	Kershaw CJ (2015)	25569619	559292	559292	Low Throughput	-	-	-	-	-	BIOGRID
2347483	850320	854026	30946	34278	YCL037C	YOL139C	SRO9	CDC33	L000003106	TIF45|translation initiation factor eIF4E|eIF4E|L000000270	Affinity Capture-Western	physical	Kershaw CJ (2015)	25569619	559292	559292	Low Throughput	-	-	-	-	-	BIOGRID
2354573	854026	853503	34278	33797	YOL139C	YJR045C	CDC33	SSC1	TIF45|translation initiation factor eIF4E|eIF4E|L000000270	ENS1|Hsp70 family ATPase SSC1|mtHSP70|L000000561	Affinity Capture-RNA	physical	Archer SK (2015)	25826658	559292	559292	Low Throughput	-	-	-	crosslinked	-	BIOGRID
2354576	854026	853071	34278	33414	YOL139C	YGR162W	CDC33	TIF4631	TIF45|translation initiation factor eIF4E|eIF4E|L000000270	eiF4G1|L000002309	Affinity Capture-Western	physical	Archer SK (2015)	25826658	559292	559292	Low Throughput	-	-	-	-	-	BIOGRID
2375800	851520	854026	32017	34278	YDL042C	YOL139C	SIR2	CDC33	MAR1|NAD-dependent histone deacetylase SIR2|L000001895	TIF45|translation initiation factor eIF4E|eIF4E|L000000270	Synthetic Growth Defect	genetic	Song J (2014)	25079602	559292	559292	High Throughput	-	-	vegetative growth	SGA screen|Table S2|ts-alleles	-	BIOGRID
2381011	855143	854026	35292	34278	YMR116C	YOL139C	ASC1	CDC33	ASU9|CPC2|NAD1|guanine nucleotide-binding protein subunit beta|L000003529|L000000135|S000029045	TIF45|translation initiation factor eIF4E|eIF4E|L000000270	Proximity Label-MS	physical	Opitz N (2017)	28982715	559292	559292	High Throughput	-	-	-	BioID|in response to glucose deprivation|in response to heat stress	-	BIOGRID
2385975	852250	854026	32667	34278	YBL030C	YOL139C	PET9	CDC33	AAC2|ANC2|ADP/ATP carrier protein PET9|OP1|L000000004|L000001386|L000004346	TIF45|translation initiation factor eIF4E|eIF4E|L000000270	Dosage Rescue	genetic	Wang X (2015)	26192197	559292	559292	Low Throughput	-	-	vegetative growth	multicopy suppressors that suppress AAC2-A128P allele induced cell death	-	BIOGRID
2387059	855705	854026	35800	34278	YNL026W	YOL139C	SAM50	CDC33	OMP85|TOB55|SAM complex subunit SAM50	TIF45|translation initiation factor eIF4E|eIF4E|L000000270	Affinity Capture-MS	physical	Qiu J (2013)	23911324	559292	559292	High Throughput	-	-	-	-	-	BIOGRID
2387570	854379	854026	34599	34278	YOR204W	YOL139C	DED1	CDC33	SPP81|DEAD-box ATP-dependent RNA helicase DED1|L000000500	TIF45|translation initiation factor eIF4E|eIF4E|L000000270	Affinity Capture-Western	physical	Senissar M (2014)	25013175	559292	559292	Low Throughput	-	-	-	-	-	BIOGRID
2387580	853071	854026	33414	34278	YGR162W	YOL139C	TIF4631	CDC33	eiF4G1|L000002309	TIF45|translation initiation factor eIF4E|eIF4E|L000000270	Reconstituted Complex	physical	Senissar M (2014)	25013175	559292	559292	Low Throughput	-	-	-	-	-	BIOGRID
2387587	854379	854026	34599	34278	YOR204W	YOL139C	DED1	CDC33	SPP81|DEAD-box ATP-dependent RNA helicase DED1|L000000500	TIF45|translation initiation factor eIF4E|eIF4E|L000000270	Reconstituted Complex	physical	Senissar M (2014)	25013175	559292	559292	Low Throughput	-	-	-	-	-	BIOGRID
2388851	851259	854026	31786	34278	YAL005C	YOL139C	SSA1	CDC33	YG100|Hsp70 family ATPase SSA1|L000002069	TIF45|translation initiation factor eIF4E|eIF4E|L000000270	Affinity Capture-MS	physical	Truman AW (2015)	25452130	559292	559292	High Throughput	-	-	-	-	-	BIOGRID
2388945	855836	854026	35923	34278	YPL240C	YOL139C	HSP82	CDC33	HSP90|Hsp90 family chaperone HSP82|L000000822	TIF45|translation initiation factor eIF4E|eIF4E|L000000270	Affinity Capture-MS	physical	Truman AW (2015)	25452130	559292	559292	High Throughput	-	-	-	-	-	BIOGRID
2389197	851394	854026	31903	34278	YDL160C	YOL139C	DHH1	CDC33	DExD/H-box ATP-dependent RNA helicase DHH1|L000000504	TIF45|translation initiation factor eIF4E|eIF4E|L000000270	Affinity Capture-Western	physical	Jungfleisch J (2017)	27821408	559292	559292	Low Throughput	-	-	-	-	-	BIOGRID
2390351	851394	854026	31903	34278	YDL160C	YOL139C	DHH1	CDC33	DExD/H-box ATP-dependent RNA helicase DHH1|L000000504	TIF45|translation initiation factor eIF4E|eIF4E|L000000270	Affinity Capture-RNA	physical	Jungfleisch J (2017)	27821408	559292	559292	High Throughput	-	-	-	CRAC	-	BIOGRID
2396295	854373	854026	34596	34278	YOR198C	YOL139C	BFR1	CDC33	L000000174	TIF45|translation initiation factor eIF4E|eIF4E|L000000270	Affinity Capture-RNA	physical	Lapointe CP (2015)	26524240	559292	559292	High Throughput	-	-	-	RNA Tagging	-	BIOGRID
2484250	853811	854026	34079	34278	YKL054C	YOL139C	DEF1	CDC33	VID31|DNA damage-responsive RNA polymerase-degradation factor DEF1	TIF45|translation initiation factor eIF4E|eIF4E|L000000270	Affinity Capture-MS	physical	Damodaren N (2017)	29180430	559292	559292	High Throughput	-	-	-	The crude eluate of tap-tagged Def1-TFIIH was subjected to MS-based semiquantitative proteomics analysis and cross-linking followed by mass spectrometry (MS). The MS analysis identified ~170 proteins with two or more unique peptides.	-	BIOGRID
2542751	854450	854026	34665	34278	YOR276W	YOL139C	CAF20	CDC33	CAF2|CAP20|p20|L000000208|L000003291	TIF45|translation initiation factor eIF4E|eIF4E|L000000270	Affinity Capture-MS	physical	Gay S (2018)	29775579	559292	559292	High Throughput	-	-	-	-	-	BIOGRID
2544015	854026	852702	34278	33080	YOL139C	YGL173C	CDC33	XRN1	TIF45|translation initiation factor eIF4E|eIF4E|L000000270	DST2|KEM1|RAR5|SEP1|SKI1|chromatin-binding exonuclease XRN1|L000000891|L000001902	Affinity Capture-Western	physical	Blasco-Moreno B (2019)	30899024	559292	559292	Low Throughput	-	-	-	-	-	BIOGRID
2555934	854382	854026	34602	34278	YOR207C	YOL139C	RET1	CDC33	PDS2|RPC128|RPC2|DNA-directed RNA polymerase III core subunit RET1|C128|L000001614	TIF45|translation initiation factor eIF4E|eIF4E|L000000270	Affinity Capture-MS	physical	Bhalla P (2019)	30593915	559292	559292	High Throughput	-	-	-	active state interactome|repressed state interactome	-	BIOGRID
2556023	851964	854026	32417	34278	YDR362C	YOL139C	TFC6	CDC33	transcription factor TFIIIC subunit TFC6|tau 91|L000004492	TIF45|translation initiation factor eIF4E|eIF4E|L000000270	Affinity Capture-MS	physical	Bhalla P (2019)	30593915	559292	559292	High Throughput	-	-	-	active state interactome|repressed state interactome	-	BIOGRID
2596900	854026	854450	34278	34665	YOL139C	YOR276W	CDC33	CAF20	TIF45|translation initiation factor eIF4E|eIF4E|L000000270	CAF2|CAP20|p20|L000000208|L000003291	Co-crystal Structure	physical	Gruener S (2018)	30053226	559292	559292	Low Throughput	-	-	-	-	-	BIOGRID
2596901	854026	853631	34278	33919	YOL139C	YKL204W	CDC33	EAP1	TIF45|translation initiation factor eIF4E|eIF4E|L000000270	-	Co-crystal Structure	physical	Gruener S (2018)	30053226	559292	559292	Low Throughput	-	-	-	-	-	BIOGRID
2596903	854026	853071	34278	33414	YOL139C	YGR162W	CDC33	TIF4631	TIF45|translation initiation factor eIF4E|eIF4E|L000000270	eiF4G1|L000002309	Reconstituted Complex	physical	Gruener S (2018)	30053226	559292	559292	Low Throughput	-	-	-	-	-	BIOGRID
2596925	854026	854450	34278	34665	YOL139C	YOR276W	CDC33	CAF20	TIF45|translation initiation factor eIF4E|eIF4E|L000000270	CAF2|CAP20|p20|L000000208|L000003291	Reconstituted Complex	physical	Gruener S (2018)	30053226	559292	559292	Low Throughput	-	-	-	-	-	BIOGRID
2596926	854026	853631	34278	33919	YOL139C	YKL204W	CDC33	EAP1	TIF45|translation initiation factor eIF4E|eIF4E|L000000270	-	Reconstituted Complex	physical	Gruener S (2018)	30053226	559292	559292	Low Throughput	-	-	-	-	-	BIOGRID
2599691	854026	853071	34278	33414	YOL139C	YGR162W	CDC33	TIF4631	TIF45|translation initiation factor eIF4E|eIF4E|L000000270	eiF4G1|L000002309	Affinity Capture-Western	physical	Haimov O (2018)	29987188	559292	559292	Low Throughput	-	-	-	-	-	BIOGRID
2599692	854026	853933	34278	34190	YOL139C	YKR059W	CDC33	TIF1	TIF45|translation initiation factor eIF4E|eIF4E|L000000270	translation initiation factor eIF4A|eIF4A|L000002302	Affinity Capture-Western	physical	Haimov O (2018)	29987188	559292	559292	Low Throughput	-	-	-	-	-	BIOGRID
2599693	854026	855357	34278	35489	YOL139C	YMR309C	CDC33	NIP1	TIF45|translation initiation factor eIF4E|eIF4E|L000000270	L000001252	Affinity Capture-Western	physical	Haimov O (2018)	29987188	559292	559292	Low Throughput	-	-	-	-	-	BIOGRID
2599695	853933	854026	34190	34278	YKR059W	YOL139C	TIF1	CDC33	translation initiation factor eIF4A|eIF4A|L000002302	TIF45|translation initiation factor eIF4E|eIF4E|L000000270	Affinity Capture-Western	physical	Haimov O (2018)	29987188	559292	559292	Low Throughput	-	-	-	-	-	BIOGRID
2606349	852440	854026	32843	34278	YBR143C	YOL139C	SUP45	CDC33	SAL4|SUP1|SUP47|translation termination factor eRF1|eRF1|L000002258|L000002206|S000029305|L000001134	TIF45|translation initiation factor eIF4E|eIF4E|L000000270	Co-purification	physical	Denis CL (2018)	29139201	559292	559292	Low Throughput	-	-	-	-	-	BIOGRID
2639219	854026	854450	34278	34665	YOL139C	YOR276W	CDC33	CAF20	TIF45|translation initiation factor eIF4E|eIF4E|L000000270	CAF2|CAP20|p20|L000000208|L000003291	Reconstituted Complex	physical	Arndt N (2018)	29712996	559292	559292	Low Throughput	-	-	-	-	-	BIOGRID
2873366	854026	854450	34278	34665	YOL139C	YOR276W	CDC33	CAF20	TIF45|translation initiation factor eIF4E|eIF4E|L000000270	CAF2|CAP20|p20|L000000208|L000003291	Affinity Capture-Western	physical	Castelli LM (2015)	25973932	559292	559292	Low Throughput	-	-	-	-	-	BIOGRID
2873367	854026	853071	34278	33414	YOL139C	YGR162W	CDC33	TIF4631	TIF45|translation initiation factor eIF4E|eIF4E|L000000270	eiF4G1|L000002309	Affinity Capture-Western	physical	Castelli LM (2015)	25973932	559292	559292	Low Throughput	-	-	-	-	-	BIOGRID
2873368	854026	856912	34278	36918	YOL139C	YER165W	CDC33	PAB1	TIF45|translation initiation factor eIF4E|eIF4E|L000000270	polyadenylate-binding protein|L000001327	Affinity Capture-Western	physical	Castelli LM (2015)	25973932	559292	559292	Low Throughput	-	-	-	-	-	BIOGRID
2873369	854026	855543	34278	35653	YOL139C	YNL178W	CDC33	RPS3	TIF45|translation initiation factor eIF4E|eIF4E|L000000270	SUF14|ribosomal 40S subunit protein S3|rp13|YS3|S3|L000002161|L000001749	Affinity Capture-Western	physical	Castelli LM (2015)	25973932	559292	559292	Low Throughput	-	-	-	-	-	BIOGRID
2873370	854026	851336	34278	31854	YOL139C	YDL191W	CDC33	RPL35A	TIF45|translation initiation factor eIF4E|eIF4E|L000000270	SOS1|ribosomal 60S subunit protein L35A|L35A|L29|L000001985	Affinity Capture-Western	physical	Castelli LM (2015)	25973932	559292	559292	Low Throughput	-	-	-	-	-	BIOGRID
2873840	853631	854026	33919	34278	YKL204W	YOL139C	EAP1	CDC33	-	TIF45|translation initiation factor eIF4E|eIF4E|L000000270	Affinity Capture-MS	physical	Castelli LM (2015)	25973932	559292	559292	High Throughput	-	-	-	FDR<0.05, 2 or more peptides used for quantification	-	BIOGRID
2873854	854450	854026	34665	34278	YOR276W	YOL139C	CAF20	CDC33	CAF2|CAP20|p20|L000000208|L000003291	TIF45|translation initiation factor eIF4E|eIF4E|L000000270	Affinity Capture-MS	physical	Castelli LM (2015)	25973932	559292	559292	High Throughput	-	-	-	FDR<0.05, 2 or more peptides used for quantification	-	BIOGRID
2898526	851885	854026	32343	34278	YDR291W	YOL139C	HRQ1	CDC33	-	TIF45|translation initiation factor eIF4E|eIF4E|L000000270	Positive Genetic	genetic	Sanders E (2020)	33115720	559292	559292	High Throughput	-	-	colony size	SGA with hrq1-K318A sgs1-K706A double mutant as query against temperature-sensitive collection, see Table S17 for ts allele (hit); genetic complex|SGA with hrq1-deletion sgs1-deletion double mutant as query against temperature-sensitive collection, see Table S14 for ts allele (hit); genetic complex	-	BIOGRID
2898638	855228	854026	35368	34278	YMR190C	YOL139C	SGS1	CDC33	ATP-dependent DNA helicase SGS1|L000001877	TIF45|translation initiation factor eIF4E|eIF4E|L000000270	Positive Genetic	genetic	Sanders E (2020)	33115720	559292	559292	High Throughput	-	-	colony size	SGA with hrq1-K318A sgs1-K706A double mutant as query against temperature-sensitive collection, see Table S17 for ts allele (hit); genetic complex|SGA with hrq1-deletion sgs1-deletion double mutant as query against temperature-sensitive collection, see Table S14 for ts allele (hit); genetic complex	-	BIOGRID
2901330	850346	854026	30970	34278	YCL011C	YOL139C	GBP2	CDC33	RLF6|L000002609|L000003049	TIF45|translation initiation factor eIF4E|eIF4E|L000000270	Affinity Capture-Western	physical	Grosse S (2021)	33406982	559292	559292	Low Throughput	-	-	-	-	-	BIOGRID
2901332	855728	854026	35821	34278	YNL004W	YOL139C	HRB1	CDC33	TOM34|L000002318	TIF45|translation initiation factor eIF4E|eIF4E|L000000270	Affinity Capture-Western	physical	Grosse S (2021)	33406982	559292	559292	Low Throughput	-	-	-	-	-	BIOGRID
2907397	852755	854026	33129	34278	YGL122C	YOL139C	NAB2	CDC33	mRNA-binding protein NAB2|L000001227	TIF45|translation initiation factor eIF4E|eIF4E|L000000270	Affinity Capture-MS	physical	Aguilar LC (2020)	33137177	559292	559292	High Throughput	-	-	-	in a csl4-ph mutant background	-	BIOGRID
2908314	855725	854026	35818	34278	YNL007C	YOL139C	SIS1	CDC33	type II HSP40 co-chaperone SIS1|L000001898	TIF45|translation initiation factor eIF4E|eIF4E|L000000270	Affinity Capture-MS	physical	Feder ZA (2021)	33326013	559292	559292	High Throughput	-	-	-	-	-	BIOGRID
2956971	855143	854026	35292	34278	YMR116C	YOL139C	ASC1	CDC33	ASU9|CPC2|NAD1|guanine nucleotide-binding protein subunit beta|L000003529|L000000135|S000029045	TIF45|translation initiation factor eIF4E|eIF4E|L000000270	Affinity Capture-MS	physical	Roessler I (2019)	31062022	559292	559292	High Throughput	-	-	-	-	-	BIOGRID
2957434	853128	854026	33467	34278	YGR214W	YOL139C	RPS0A	CDC33	NAB1|NAB1A|YST1|ribosomal 40S subunit protein S0A|S2|S0A|L000001226|L000001225	TIF45|translation initiation factor eIF4E|eIF4E|L000000270	Affinity Capture-MS	physical	Roessler I (2019)	31062022	559292	559292	High Throughput	-	-	-	-	-	BIOGRID
2957973	851162	854026	31700	34278	YLR441C	YOL139C	RPS1A	CDC33	RP10A|ribosomal 40S subunit protein S1A|S1e|S1A|L000001664	TIF45|translation initiation factor eIF4E|eIF4E|L000000270	Affinity Capture-MS	physical	Roessler I (2019)	31062022	559292	559292	High Throughput	-	-	-	-	-	BIOGRID
2958563	852754	854026	33128	34278	YGL123W	YOL139C	RPS2	CDC33	RPS4|SUP138|SUP38|SUP44|ribosomal 40S subunit protein S2|rp12|Ys5|S5|S4|S2|L000002205	TIF45|translation initiation factor eIF4E|eIF4E|L000000270	Affinity Capture-MS	physical	Roessler I (2019)	31062022	559292	559292	High Throughput	-	-	-	-	-	BIOGRID
2959729	854263	854026	34494	34278	YOR096W	YOL139C	RPS7A	CDC33	RPS30|ribosomal 40S subunit protein S7A|S7e|rp30|S7A|L000003300	TIF45|translation initiation factor eIF4E|eIF4E|L000000270	Affinity Capture-MS	physical	Roessler I (2019)	31062022	559292	559292	High Throughput	-	-	-	-	-	BIOGRID
2960130	852206	854026	32629	34278	YBL072C	YOL139C	RPS8A	CDC33	ribosomal 40S subunit protein S8A|S8e|rp19|YS9|S8A|S14A|L000001752|L000001753	TIF45|translation initiation factor eIF4E|eIF4E|L000000270	Affinity Capture-MS	physical	Roessler I (2019)	31062022	559292	559292	High Throughput	-	-	-	-	-	BIOGRID
2961370	854468	854026	34681	34278	YOR293W	YOL139C	RPS10A	CDC33	ribosomal 40S subunit protein S10A|S10e|S10A|L000004475	TIF45|translation initiation factor eIF4E|eIF4E|L000000270	Affinity Capture-MS	physical	Roessler I (2019)	31062022	559292	559292	High Throughput	-	-	-	-	-	BIOGRID
2961888	854551	854026	34752	34278	YOR369C	YOL139C	RPS12	CDC33	ribosomal 40S subunit protein S12|S12e|S12|L000002785	TIF45|translation initiation factor eIF4E|eIF4E|L000000270	Affinity Capture-MS	physical	Roessler I (2019)	31062022	559292	559292	High Throughput	-	-	-	-	-	BIOGRID
2962720	851636	854026	32119	34278	YDR064W	YOL139C	RPS13	CDC33	RPS13B|RPS13C|ribosomal 40S subunit protein S13|YS15|S27a|S15|S13|L000002900|L000002655	TIF45|translation initiation factor eIF4E|eIF4E|L000000270	Affinity Capture-MS	physical	Roessler I (2019)	31062022	559292	559292	High Throughput	-	-	-	-	-	BIOGRID
2963213	854117	854026	34362	34278	YOL040C	YOL139C	RPS15	CDC33	RPS21|ribosomal 40S subunit protein S15|S19|rp52|S21|S15|L000002709|L000001759	TIF45|translation initiation factor eIF4E|eIF4E|L000000270	Affinity Capture-MS	physical	Roessler I (2019)	31062022	559292	559292	High Throughput	-	-	-	-	-	BIOGRID
2964331	852061	854026	32505	34278	YDR450W	YOL139C	RPS18A	CDC33	ribosomal 40S subunit protein S18A|S18A|S13|L000004480	TIF45|translation initiation factor eIF4E|eIF4E|L000000270	Affinity Capture-MS	physical	Roessler I (2019)	31062022	559292	559292	High Throughput	-	-	-	-	-	BIOGRID
2964855	854028	854026	34280	34278	YOL121C	YOL139C	RPS19A	CDC33	ribosomal 40S subunit protein S19A|S19e|rp55a|YS16A|S19A|S16aA|L000003299	TIF45|translation initiation factor eIF4E|eIF4E|L000000270	Affinity Capture-MS	physical	Roessler I (2019)	31062022	559292	559292	High Throughput	-	-	-	-	-	BIOGRID
2965443	856371	854026	36408	34278	YHL015W	YOL139C	RPS20	CDC33	URP2|ribosomal 40S subunit protein S20|S10|L000002442	TIF45|translation initiation factor eIF4E|eIF4E|L000000270	Affinity Capture-MS	physical	Roessler I (2019)	31062022	559292	559292	High Throughput	-	-	-	-	-	BIOGRID
2966058	853249	854026	33573	34278	YJL190C	YOL139C	RPS22A	CDC33	RPS24|ribosomal 40S subunit protein S22A|S8|rp50|YS22|S24A|S22A|L000003150|L000001760	TIF45|translation initiation factor eIF4E|eIF4E|L000000270	Affinity Capture-MS	physical	Roessler I (2019)	31062022	559292	559292	High Throughput	-	-	-	-	-	BIOGRID
2966690	853993	854026	34248	34278	YOL127W	YOL139C	RPL25	CDC33	ribosomal 60S subunit protein L25|L23|rpl6L|YL25|L25|L000001722	TIF45|translation initiation factor eIF4E|eIF4E|L000000270	Affinity Capture-MS	physical	Roessler I (2019)	31062022	559292	559292	High Throughput	-	-	-	-	-	BIOGRID
2967203	851058	854026	31607	34278	YLR344W	YOL139C	RPL26A	CDC33	ribosomal 60S subunit protein L26A|L24|YL33|L33A|L26A|L000004461	TIF45|translation initiation factor eIF4E|eIF4E|L000000270	Affinity Capture-MS	physical	Roessler I (2019)	31062022	559292	559292	High Throughput	-	-	-	-	-	BIOGRID
2967838	853700	854026	33981	34278	YKL156W	YOL139C	RPS27A	CDC33	ribosomal 40S subunit protein S27A|S27e|rp61|YS20|S27A|L000002712	TIF45|translation initiation factor eIF4E|eIF4E|L000000270	Affinity Capture-MS	physical	Roessler I (2019)	31062022	559292	559292	High Throughput	-	-	-	-	-	BIOGRID
2968437	851484	854026	31986	34278	YDL075W	YOL139C	RPL31A	CDC33	RPL34|ribosomal 60S subunit protein L31A|L31e|YL28|L34A|L31A|L000003297|L000001727	TIF45|translation initiation factor eIF4E|eIF4E|L000000270	Affinity Capture-MS	physical	Roessler I (2019)	31062022	559292	559292	High Throughput	-	-	-	-	-	BIOGRID
2968911	855543	854026	35653	34278	YNL178W	YOL139C	RPS3	CDC33	SUF14|ribosomal 40S subunit protein S3|rp13|YS3|S3|L000002161|L000001749	TIF45|translation initiation factor eIF4E|eIF4E|L000000270	Affinity Capture-MS	physical	Roessler I (2019)	31062022	559292	559292	High Throughput	-	-	-	-	-	BIOGRID
2969688	850397	854026	31014	34278	YCR031C	YOL139C	RPS14A	CDC33	CRY1|RPL59|ribosomal 40S subunit protein S14A|S11|rp59A|S14A|L000000423	TIF45|translation initiation factor eIF4E|eIF4E|L000000270	Affinity Capture-MS	physical	Roessler I (2019)	31062022	559292	559292	High Throughput	-	-	-	-	-	BIOGRID
3015454	854026	854379	34278	34599	YOL139C	YOR204W	CDC33	DED1	TIF45|translation initiation factor eIF4E|eIF4E|L000000270	SPP81|DEAD-box ATP-dependent RNA helicase DED1|L000000500	Reconstituted Complex	physical	Gulay S (2020)	32469309	559292	559292	Low Throughput	-	-	-	-	-	BIOGRID
3015457	854379	854026	34599	34278	YOR204W	YOL139C	DED1	CDC33	SPP81|DEAD-box ATP-dependent RNA helicase DED1|L000000500	TIF45|translation initiation factor eIF4E|eIF4E|L000000270	Affinity Capture-Western	physical	Gulay S (2020)	32469309	559292	559292	Low Throughput	-	-	-	-	-	BIOGRID
3015458	854026	854379	34278	34599	YOL139C	YOR204W	CDC33	DED1	TIF45|translation initiation factor eIF4E|eIF4E|L000000270	SPP81|DEAD-box ATP-dependent RNA helicase DED1|L000000500	Dosage Rescue	genetic	Gulay S (2020)	32469309	559292	559292	Low Throughput	-	-	vegetative growth:partial rescue	-	-	BIOGRID
3019995	853079	854026	33421	34278	YGR169C	YOL139C	PUS6	CDC33	pseudouridine synthase PUS6	TIF45|translation initiation factor eIF4E|eIF4E|L000000270	Affinity Capture-RNA	physical	Levi O (2021)	33305314	559292	559292	Low Throughput	-	-	-	-	-	BIOGRID
3021825	854991	854026	35152	34278	YML017W	YOL139C	PSP2	CDC33	MRS15|L000002882	TIF45|translation initiation factor eIF4E|eIF4E|L000000270	Affinity Capture-Western	physical	Yin Z (2019)	31666677	559292	559292	Low Throughput	-	-	-	-	-	BIOGRID
3196813	856912	854026	36918	34278	YER165W	YOL139C	PAB1	CDC33	polyadenylate-binding protein|L000001327	TIF45|translation initiation factor eIF4E|eIF4E|L000000270	Co-purification	physical	Denis CL (2018)	30065356	559292	559292	Low Throughput	-	-	-	-	-	BIOGRID
3196817	854026	856610	34278	36637	YOL139C	YHR203C	CDC33	RPS4B	TIF45|translation initiation factor eIF4E|eIF4E|L000000270	ribosomal 40S subunit protein S4B|S4e|rp5|YS6|S7B|S4B|L000001750	Co-purification	physical	Denis CL (2018)	30065356	559292	559292	Low Throughput	-	-	-	-	-	BIOGRID
3196818	854026	851169	34278	31706	YOL139C	YLR448W	CDC33	RPL6B	TIF45|translation initiation factor eIF4E|eIF4E|L000000270	ribosomal 60S subunit protein L6B|L6e|rp18|YL16|L6B|L17B|L000001714	Co-purification	physical	Denis CL (2018)	30065356	559292	559292	Low Throughput	-	-	-	-	-	BIOGRID
3196819	854026	853071	34278	33414	YOL139C	YGR162W	CDC33	TIF4631	TIF45|translation initiation factor eIF4E|eIF4E|L000000270	eiF4G1|L000002309	Co-purification	physical	Denis CL (2018)	30065356	559292	559292	Low Throughput	-	-	-	-	-	BIOGRID
3196820	854026	852833	34278	33199	YOL139C	YGL049C	CDC33	TIF4632	TIF45|translation initiation factor eIF4E|eIF4E|L000000270	eIF4G2|L000002310	Co-purification	physical	Denis CL (2018)	30065356	559292	559292	Low Throughput	-	-	-	-	-	BIOGRID
3196821	854026	856912	34278	36918	YOL139C	YER165W	CDC33	PAB1	TIF45|translation initiation factor eIF4E|eIF4E|L000000270	polyadenylate-binding protein|L000001327	Co-purification	physical	Denis CL (2018)	30065356	559292	559292	Low Throughput	-	-	-	-	-	BIOGRID
3202175	851670	854026	32151	34278	YDR096W	YOL139C	GIS1	CDC33	histone demethylase GIS1|L000003351	TIF45|translation initiation factor eIF4E|eIF4E|L000000270	Affinity Capture-MS	physical	Konduri PC (2020)	32235736	559292	559292	High Throughput	-	-	-	-	-	BIOGRID
3308649	853071	854026	33414	34278	YGR162W	YOL139C	TIF4631	CDC33	eiF4G1|L000002309	TIF45|translation initiation factor eIF4E|eIF4E|L000000270	Dosage Rescue	genetic	Mohammad MP (2021)	34352092	559292	559292	Low Throughput	-	-	vegetative growth:wild type	-	-	BIOGRID
3411218	855543	854026	35653	34278	YNL178W	YOL139C	RPS3	CDC33	SUF14|ribosomal 40S subunit protein S3|rp13|YS3|S3|L000002161|L000001749	TIF45|translation initiation factor eIF4E|eIF4E|L000000270	Proximity Label-MS	physical	Schmitt K (2021)	34769086	559292	559292	High Throughput	-	-	-	BioID|greater or equal to 1.5-fold enrichment, p-value threshold of 0.05	-	BIOGRID
3457259	854026	855495	34278	35610	YOL139C	YNL227C	CDC33	JJJ1	TIF45|translation initiation factor eIF4E|eIF4E|L000000270	-	Protein-RNA	physical	Cetin B (2022)	35871304	559292	559292	Low Throughput	-	-	-	-	-	BIOGRID
3457260	854026	855023	34278	35180	YOL139C	YMR011W	CDC33	HXT2	TIF45|translation initiation factor eIF4E|eIF4E|L000000270	hexose transporter HXT2|L000000836	Protein-RNA	physical	Cetin B (2022)	35871304	559292	559292	Low Throughput	-	-	-	-	-	BIOGRID
3457261	854026	850385	34278	31004	YOL139C	YCR021C	CDC33	HSP30	TIF45|translation initiation factor eIF4E|eIF4E|L000000270	YRO1|L000000818	Protein-RNA	physical	Cetin B (2022)	35871304	559292	559292	Low Throughput	-	-	-	-	-	BIOGRID
3457262	854026	856272	34278	36317	YOL139C	YPR149W	CDC33	NCE102	TIF45|translation initiation factor eIF4E|eIF4E|L000000270	NCE2|L000003098	Protein-RNA	physical	Cetin B (2022)	35871304	559292	559292	Low Throughput	-	-	-	-	-	BIOGRID
3457263	854026	854131	34278	34374	YOL139C	YOL026C	CDC33	MIM1	TIF45|translation initiation factor eIF4E|eIF4E|L000000270	TOM13	Protein-RNA	physical	Cetin B (2022)	35871304	559292	559292	Low Throughput	-	-	-	-	-	BIOGRID
3459960	855906	854026	35988	34278	YPL195W	YOL139C	APL5	CDC33	YKS4|L000003037	TIF45|translation initiation factor eIF4E|eIF4E|L000000270	Proximity Label-MS	physical	Schoppe J (2020)	32840906	559292	559292	High Throughput	-	-	-	-	-	BIOGRID
3537242	856912	854026	36918	34278	YER165W	YOL139C	PAB1	CDC33	polyadenylate-binding protein|L000001327	TIF45|translation initiation factor eIF4E|eIF4E|L000000270	Co-localization	physical	Lindstroem M (2022)	35764627	559292	559292	Low Throughput	-	-	-	-	-	BIOGRID
3537453	854450	854026	34665	34278	YOR276W	YOL139C	CAF20	CDC33	CAF2|CAP20|p20|L000000208|L000003291	TIF45|translation initiation factor eIF4E|eIF4E|L000000270	Affinity Capture-Western	physical	Nwokoye EC (2021)	34188131	559292	559292	Low Throughput	-	-	-	-	-	BIOGRID
3537454	855543	854026	35653	34278	YNL178W	YOL139C	RPS3	CDC33	SUF14|ribosomal 40S subunit protein S3|rp13|YS3|S3|L000002161|L000001749	TIF45|translation initiation factor eIF4E|eIF4E|L000000270	Co-fractionation	physical	Nwokoye EC (2021)	34188131	559292	559292	Low Throughput	-	-	-	-	-	BIOGRID
3537455	851336	854026	31854	34278	YDL191W	YOL139C	RPL35A	CDC33	SOS1|ribosomal 60S subunit protein L35A|L35A|L29|L000001985	TIF45|translation initiation factor eIF4E|eIF4E|L000000270	Co-fractionation	physical	Nwokoye EC (2021)	34188131	559292	559292	Low Throughput	-	-	-	-	-	BIOGRID
3537458	854450	854026	34665	34278	YOR276W	YOL139C	CAF20	CDC33	CAF2|CAP20|p20|L000000208|L000003291	TIF45|translation initiation factor eIF4E|eIF4E|L000000270	Affinity Capture-MS	physical	Nwokoye EC (2021)	34188131	559292	559292	Low Throughput	-	-	-	-	-	BIOGRID
3567489	853071	854026	33414	34278	YGR162W	YOL139C	TIF4631	CDC33	eiF4G1|L000002309	TIF45|translation initiation factor eIF4E|eIF4E|L000000270	Affinity Capture-Western	physical	Kamada Y (2023)	37700444	559292	559292	Low Throughput	-	-	-	-	-	BIOGRID
3567490	854026	853071	34278	33414	YOL139C	YGR162W	CDC33	TIF4631	TIF45|translation initiation factor eIF4E|eIF4E|L000000270	eiF4G1|L000002309	Affinity Capture-Western	physical	Kamada Y (2023)	37700444	559292	559292	Low Throughput	-	-	-	-	-	BIOGRID
3567491	854026	854450	34278	34665	YOL139C	YOR276W	CDC33	CAF20	TIF45|translation initiation factor eIF4E|eIF4E|L000000270	CAF2|CAP20|p20|L000000208|L000003291	Affinity Capture-Western	physical	Kamada Y (2023)	37700444	559292	559292	Low Throughput	-	-	-	-	-	BIOGRID
3567492	854450	854026	34665	34278	YOR276W	YOL139C	CAF20	CDC33	CAF2|CAP20|p20|L000000208|L000003291	TIF45|translation initiation factor eIF4E|eIF4E|L000000270	Affinity Capture-Western	physical	Kamada Y (2023)	37700444	559292	559292	Low Throughput	-	-	-	-	-	BIOGRID
3600064	853071	854026	33414	34278	YGR162W	YOL139C	TIF4631	CDC33	eiF4G1|L000002309	TIF45|translation initiation factor eIF4E|eIF4E|L000000270	Affinity Capture-MS	physical	Michaelis AC (2023)	37968396	559292	559292	High Throughput	8.0	-	-	Protein interactions were identified using statistically significant enrichment of the proteins in the forward and reverse pull-downs, as well as making use of the profile similarities of interacting proteins in a correlation analysis. High confidence interactions have a total score >=2. This score is a sum of the FDR score of the forward pull-down + FDR score of the reverse pull-down + correlation score.	-	BIOGRID
3600160	852833	854026	33199	34278	YGL049C	YOL139C	TIF4632	CDC33	eIF4G2|L000002310	TIF45|translation initiation factor eIF4E|eIF4E|L000000270	Affinity Capture-MS	physical	Michaelis AC (2023)	37968396	559292	559292	High Throughput	8.0	-	-	Protein interactions were identified using statistically significant enrichment of the proteins in the forward and reverse pull-downs, as well as making use of the profile similarities of interacting proteins in a correlation analysis. High confidence interactions have a total score >=2. This score is a sum of the FDR score of the forward pull-down + FDR score of the reverse pull-down + correlation score.	-	BIOGRID
3610360	854026	853274	34278	33594	YOL139C	YJL165C	CDC33	HAL5	TIF45|translation initiation factor eIF4E|eIF4E|L000000270	protein kinase HAL5|L000000751	Affinity Capture-MS	physical	Michaelis AC (2023)	37968396	559292	559292	High Throughput	2.0	-	-	Protein interactions were identified using statistically significant enrichment of the proteins in the forward and reverse pull-downs, as well as making use of the profile similarities of interacting proteins in a correlation analysis. High confidence interactions have a total score >=2. This score is a sum of the FDR score of the forward pull-down + FDR score of the reverse pull-down + correlation score.	-	BIOGRID
3610361	854026	855128	34278	35278	YOL139C	YMR102C	CDC33	YMR102C	TIF45|translation initiation factor eIF4E|eIF4E|L000000270	-	Affinity Capture-MS	physical	Michaelis AC (2023)	37968396	559292	559292	High Throughput	2.0	-	-	Protein interactions were identified using statistically significant enrichment of the proteins in the forward and reverse pull-downs, as well as making use of the profile similarities of interacting proteins in a correlation analysis. High confidence interactions have a total score >=2. This score is a sum of the FDR score of the forward pull-down + FDR score of the reverse pull-down + correlation score.	-	BIOGRID
3610362	854026	854450	34278	34665	YOL139C	YOR276W	CDC33	CAF20	TIF45|translation initiation factor eIF4E|eIF4E|L000000270	CAF2|CAP20|p20|L000000208|L000003291	Affinity Capture-MS	physical	Michaelis AC (2023)	37968396	559292	559292	High Throughput	10.0	-	-	Protein interactions were identified using statistically significant enrichment of the proteins in the forward and reverse pull-downs, as well as making use of the profile similarities of interacting proteins in a correlation analysis. High confidence interactions have a total score >=2. This score is a sum of the FDR score of the forward pull-down + FDR score of the reverse pull-down + correlation score.	-	BIOGRID
3610363	854026	851985	34278	32438	YOL139C	YDR379W	CDC33	RGA2	TIF45|translation initiation factor eIF4E|eIF4E|L000000270	L000004022	Affinity Capture-MS	physical	Michaelis AC (2023)	37968396	559292	559292	High Throughput	2.0	-	-	Protein interactions were identified using statistically significant enrichment of the proteins in the forward and reverse pull-downs, as well as making use of the profile similarities of interacting proteins in a correlation analysis. High confidence interactions have a total score >=2. This score is a sum of the FDR score of the forward pull-down + FDR score of the reverse pull-down + correlation score.	-	BIOGRID
3610364	854026	856912	34278	36918	YOL139C	YER165W	CDC33	PAB1	TIF45|translation initiation factor eIF4E|eIF4E|L000000270	polyadenylate-binding protein|L000001327	Affinity Capture-MS	physical	Michaelis AC (2023)	37968396	559292	559292	High Throughput	4.0	-	-	Protein interactions were identified using statistically significant enrichment of the proteins in the forward and reverse pull-downs, as well as making use of the profile similarities of interacting proteins in a correlation analysis. High confidence interactions have a total score >=2. This score is a sum of the FDR score of the forward pull-down + FDR score of the reverse pull-down + correlation score.	-	BIOGRID
3610365	854026	853631	34278	33919	YOL139C	YKL204W	CDC33	EAP1	TIF45|translation initiation factor eIF4E|eIF4E|L000000270	-	Affinity Capture-MS	physical	Michaelis AC (2023)	37968396	559292	559292	High Throughput	3.0	-	-	Protein interactions were identified using statistically significant enrichment of the proteins in the forward and reverse pull-downs, as well as making use of the profile similarities of interacting proteins in a correlation analysis. High confidence interactions have a total score >=2. This score is a sum of the FDR score of the forward pull-down + FDR score of the reverse pull-down + correlation score.	-	BIOGRID
3610369	851887	854026	32345	34278	YDR293C	YOL139C	SSD1	CDC33	CLA1|MCS1|RLT1|SRK1|mRNA-binding translational repressor SSD1|L000002077	TIF45|translation initiation factor eIF4E|eIF4E|L000000270	Affinity Capture-MS	physical	Michaelis AC (2023)	37968396	559292	559292	High Throughput	2.0	-	-	Protein interactions were identified using statistically significant enrichment of the proteins in the forward and reverse pull-downs, as well as making use of the profile similarities of interacting proteins in a correlation analysis. High confidence interactions have a total score >=2. This score is a sum of the FDR score of the forward pull-down + FDR score of the reverse pull-down + correlation score.	-	BIOGRID
3610696	851949	854026	32404	34278	YDR348C	YOL139C	PAL1	CDC33	-	TIF45|translation initiation factor eIF4E|eIF4E|L000000270	Affinity Capture-MS	physical	Michaelis AC (2023)	37968396	559292	559292	High Throughput	2.0	-	-	Protein interactions were identified using statistically significant enrichment of the proteins in the forward and reverse pull-downs, as well as making use of the profile similarities of interacting proteins in a correlation analysis. High confidence interactions have a total score >=2. This score is a sum of the FDR score of the forward pull-down + FDR score of the reverse pull-down + correlation score.	-	BIOGRID
3613426	852846	854026	33210	34278	YGL037C	YOL139C	PNC1	CDC33	nicotinamidase	TIF45|translation initiation factor eIF4E|eIF4E|L000000270	Affinity Capture-MS	physical	Michaelis AC (2023)	37968396	559292	559292	High Throughput	2.0	-	-	Protein interactions were identified using statistically significant enrichment of the proteins in the forward and reverse pull-downs, as well as making use of the profile similarities of interacting proteins in a correlation analysis. High confidence interactions have a total score >=2. This score is a sum of the FDR score of the forward pull-down + FDR score of the reverse pull-down + correlation score.	-	BIOGRID
3625966	850944	854026	31510	34278	YLR243W	YOL139C	GPN3	CDC33	-	TIF45|translation initiation factor eIF4E|eIF4E|L000000270	Affinity Capture-MS	physical	Ma L (2022)	36190433	559292	559292	Low Throughput	-	-	-	-	-	BIOGRID
3638875	856201	854026	36257	34278	YPR086W	YOL139C	SUA7	CDC33	SOH4|TFIIB|L000002141	TIF45|translation initiation factor eIF4E|eIF4E|L000000270	Affinity Capture-MS	physical	O'Brien MJ (2024)	37863410	559292	559292	High Throughput	-	-	-	-	-	BIOGRID
3642033	852470	854026	32872	34278	YBR172C	YOL139C	SMY2	CDC33	L000001941	TIF45|translation initiation factor eIF4E|eIF4E|L000000270	Affinity Capture-MS	physical	Lehner MH (2022)	36288698	559292	559292	High Throughput	-	-	-	-	-	BIOGRID
3648838	850864	854026	31440	34278	YLR167W	YOL139C	RPS31	CDC33	RPS37|UBI3|ubiquitin-ribosomal 40S subunit protein S31 fusion protein|S31e|UB13|YS24|S37|S31|L000001768|L000002413	TIF45|translation initiation factor eIF4E|eIF4E|L000000270	Affinity Capture-MS	physical	Sekiguchi T (2024)	38281328	559292	559292	High Throughput	-	-	-	-	-	BIOGRID
3649416	854026	852127	34278	32566	YOL139C	YDR515W	CDC33	SLF1	TIF45|translation initiation factor eIF4E|eIF4E|L000000270	SRO99|L000004191|L000002894	Affinity Capture-Western	physical	Jennings MD (2023)	37070186	559292	559292	Low Throughput	-	-	-	-	-	BIOGRID
3649417	854026	856912	34278	36918	YOL139C	YER165W	CDC33	PAB1	TIF45|translation initiation factor eIF4E|eIF4E|L000000270	polyadenylate-binding protein|L000001327	Affinity Capture-Western	physical	Jennings MD (2023)	37070186	559292	559292	Low Throughput	-	-	-	-	-	BIOGRID
3649418	854026	853071	34278	33414	YOL139C	YGR162W	CDC33	TIF4631	TIF45|translation initiation factor eIF4E|eIF4E|L000000270	eiF4G1|L000002309	Affinity Capture-Western	physical	Jennings MD (2023)	37070186	559292	559292	Low Throughput	-	-	-	-	-	BIOGRID
3650255	853223	854026	33551	34278	YJL207C	YOL139C	LAA1	CDC33	-	TIF45|translation initiation factor eIF4E|eIF4E|L000000270	Affinity Capture-MS	physical	Marmorale LJ (2024)	38240799	559292	559292	High Throughput	-	-	-	-	-	BIOGRID
3654607	850633	854026	31226	34278	YLL026W	YOL139C	HSP104	CDC33	chaperone ATPase HSP104|L000000823	TIF45|translation initiation factor eIF4E|eIF4E|L000000270	Affinity Capture-MS	physical	Kohler V (2024)	38182580	559292	559292	Low Throughput	-	-	-	-	-	BIOGRID
3674619	852199	854026	32624	34278	YBL079W	YOL139C	NUP170	CDC33	NLE3|L000001256|L000003140	TIF45|translation initiation factor eIF4E|eIF4E|L000000270	Affinity Capture-MS	physical	Kumar S (2023)	37358474	559292	559292	High Throughput	-	-	-	-	-	BIOGRID
3716681	853071	854026	33414	34278	YGR162W	YOL139C	TIF4631	CDC33	eiF4G1|L000002309	TIF45|translation initiation factor eIF4E|eIF4E|L000000270	Reconstituted Complex	physical	Desroches Altamirano C (2024)	38547866	559292	559292	Low Throughput	-	-	-	-	-	BIOGRID
3717548	852200	854026	32625	34278	YBL078C	YOL139C	ATG8	CDC33	APG8|AUT7|CVT5|ubiquitin-like protein ATG8|L000004607|L000004604	TIF45|translation initiation factor eIF4E|eIF4E|L000000270	Proximity Label-MS	physical	Filali-Mouncef Y (2024)	38958087	559292	559292	High Throughput	-	-	-	Atg8 interactors in rich medium|Atg8 interactors upon  1  h  of nitrogen  starvation	-	BIOGRID
3719170	854026	854450	34278	34665	YOL139C	YOR276W	CDC33	CAF20	TIF45|translation initiation factor eIF4E|eIF4E|L000000270	CAF2|CAP20|p20|L000000208|L000003291	Phenotypic Enhancement	genetic	Kim KQ (2024)	38848692	559292	559292	Low Throughput	-	-	protein/peptide accumulation	cdc33-ts4-2 cells	-	BIOGRID

